Item_Identifier,Item_Weight,Item_Visibility,Item_MRP,Outlet_Identifier,Outlet_Years,Item_Fat_Content_0,Item_Fat_Content_1,Outlet_Location_Type_0,Outlet_Location_Type_1,Outlet_Location_Type_2,Outlet_Size_0,Outlet_Size_1,Outlet_Size_2,Outlet_Size_3,Outlet_Type_0,Outlet_Type_1,Outlet_Type_2,Outlet_Type_3,Item_Type_Combined_0,Item_Type_Combined_1,Item_Type_Combined_2,Outlet_0,Outlet_1,Outlet_2,Outlet_3,Outlet_4,Outlet_5,Outlet_6,Outlet_7,Outlet_8,Outlet_9
FDZ44,8.185,0.038789271,115.6808,OUT049,10,1,0,1,0,0,0,1,0,0,0,1,0,0,0,1,0,0,0,0,0,0,0,0,0,0,1
FDV46,18.2,0.012659235,140.718,OUT018,0,1,0,0,0,1,0,1,0,0,0,0,1,0,0,1,0,0,0,0,1,0,0,0,0,0,0
NCO06,19.25,0.108010006,33.3558,OUT035,5,1,0,0,1,0,0,0,1,0,0,1,0,0,0,0,1,0,0,0,0,0,0,1,0,0,0
DRG03,14.5,0.061934991,154.4998,OUT013,22,1,0,0,0,1,1,0,0,0,0,1,0,0,1,0,0,0,1,0,0,0,0,0,0,0,0
FDU37,9.5,0.104421237,80.196,OUT013,22,0,1,0,0,1,1,0,0,0,0,1,0,0,0,1,0,0,1,0,0,0,0,0,0,0,0
FDI57,19.85,0.053980686,196.8768,OUT013,22,1,0,0,0,1,1,0,0,0,0,1,0,0,0,1,0,0,1,0,0,0,0,0,0,0,0
FDM45,8.655,0.088121336,119.7756,OUT013,22,0,1,0,0,1,1,0,0,0,0,1,0,0,0,1,0,0,1,0,0,0,0,0,0,0,0
FDC26,10.195,0.126359196,109.2886,OUT035,5,1,0,0,1,0,0,0,1,0,0,1,0,0,0,1,0,0,0,0,0,0,0,1,0,0,0
FDU14,17.75,0.034584356,248.375,OUT027,24,1,0,0,0,1,0,1,0,0,0,0,0,1,0,1,0,0,0,0,0,0,1,0,0,0,0
FDB26,14,0.031267496,51.464,OUT046,12,0,1,1,0,0,0,0,1,0,0,1,0,0,0,1,0,0,0,0,0,0,0,0,0,1,0
FDC29,8.39,0.024304264,114.0176,OUT018,0,0,1,0,0,1,0,1,0,0,0,0,1,0,0,1,0,0,0,0,1,0,0,0,0,0,0
FDY58,11.65,0.040144377,228.9694,OUT017,2,1,0,0,1,0,0,0,1,0,0,1,0,0,0,1,0,0,0,1,0,0,0,0,0,0,0
FDR59,14.5,0.063851475,260.4594,OUT035,5,0,1,0,1,0,0,0,1,0,0,1,0,0,0,1,0,0,0,0,0,0,0,1,0,0,0
FDS03,7.825,0.079243005,65.8826,OUT027,24,1,0,0,0,1,0,1,0,0,0,0,0,1,0,1,0,0,0,0,0,0,1,0,0,0,0
FDR43,18.2,0.161355122,38.319,OUT013,22,1,0,0,0,1,1,0,0,0,0,1,0,0,0,1,0,0,1,0,0,0,0,0,0,0,0
FDZ25,15.7,0.02748331,169.379,OUT027,24,0,1,0,0,1,0,1,0,0,0,0,0,1,0,1,0,0,0,0,0,0,1,0,0,0,0
NCN26,10.85,0.028738058,117.1808,OUT045,7,1,0,0,1,0,0,0,1,0,0,1,0,0,0,0,1,0,0,0,0,0,0,0,1,0,0
FDO38,17.25,0.073135768,77.2986,OUT018,0,1,0,0,0,1,0,1,0,0,0,0,1,0,0,1,0,0,0,0,1,0,0,0,0,0,0
FDP28,13.65,0.081096613,261.2936,OUT017,2,0,1,0,1,0,0,0,1,0,0,1,0,0,0,1,0,0,0,1,0,0,0,0,0,0,0
FDG31,12.15,0.063430788,65.4826,OUT010,11,1,0,0,0,1,0,0,0,1,1,0,0,0,0,1,0,1,0,0,0,0,0,0,0,0,0
FDI45,13.1,0.037549969,176.1054,OUT013,22,1,0,0,0,1,1,0,0,0,0,1,0,0,0,1,0,0,1,0,0,0,0,0,0,0,0
NCS54,13.6,0.016726506,176.037,OUT010,11,1,0,0,0,1,0,0,0,1,1,0,0,0,0,0,1,1,0,0,0,0,0,0,0,0,0
FDE17,20.1,0.054565932,152.2366,OUT045,7,0,1,0,1,0,0,0,1,0,0,1,0,0,0,1,0,0,0,0,0,0,0,0,1,0,0
NCG06,16.35,0.029445361,257.6646,OUT046,12,1,0,1,0,0,0,0,1,0,0,1,0,0,0,0,1,0,0,0,0,0,0,0,0,1,0
FDQ57,7.275,0.048932713,144.476,OUT019,24,1,0,1,0,0,0,0,1,0,1,0,0,0,0,1,0,0,0,0,0,1,0,0,0,0,0
NCB31,6.235,0.118651919,263.991,OUT035,5,1,0,0,1,0,0,0,1,0,0,1,0,0,0,0,1,0,0,0,0,0,0,1,0,0,0
NCP29,8.42,0.112728355,65.8168,OUT018,0,1,0,0,0,1,0,1,0,0,0,0,1,0,0,0,1,0,0,0,1,0,0,0,0,0,0
NCX29,10,0.156094569,144.3102,OUT019,24,1,0,1,0,0,0,0,1,0,1,0,0,0,0,0,1,0,0,0,0,1,0,0,0,0,0
FDU37,9.5,0.104933928,78.796,OUT018,0,0,1,0,0,1,0,1,0,0,0,0,1,0,0,1,0,0,0,0,1,0,0,0,0,0,0
FDM02,12.5,0.12341737,86.0198,OUT010,11,0,1,0,0,1,0,0,0,1,1,0,0,0,0,1,0,1,0,0,0,0,0,0,0,0,0
FDN16,12.6,0.062700289,102.199,OUT046,12,0,1,1,0,0,0,0,1,0,0,1,0,0,0,1,0,0,0,0,0,0,0,0,0,1,0
FDR46,16.85,0.139417654,147.476,OUT046,12,1,0,1,0,0,0,0,1,0,0,1,0,0,0,1,0,0,0,0,0,0,0,0,0,1,0
FDE50,19.7,0.01612717,189.3556,OUT027,24,0,1,0,0,1,0,1,0,0,0,0,0,1,0,1,0,0,0,0,0,0,1,0,0,0,0
FDL52,6.635,0.077145553,39.8506,OUT010,11,0,1,0,0,1,0,0,0,1,1,0,0,0,0,1,0,1,0,0,0,0,0,0,0,0,0
FDQ49,20.2,0.039215075,157.663,OUT013,22,0,1,0,0,1,1,0,0,0,0,1,0,0,0,1,0,0,1,0,0,0,0,0,0,0,0
FDI14,14.1,0.089859642,140.2496,OUT045,7,1,0,0,1,0,0,0,1,0,0,1,0,0,0,1,0,0,0,0,0,0,0,0,1,0,0
FDS16,15.15,0.066121873,145.676,OUT013,22,0,1,0,0,1,1,0,0,0,0,1,0,0,0,1,0,0,1,0,0,0,0,0,0,0,0
FDU15,13.65,0.026643448,37.9532,OUT049,10,0,1,1,0,0,0,1,0,0,0,1,0,0,0,1,0,0,0,0,0,0,0,0,0,0,1
NCG43,20.2,0.073879939,94.0462,OUT027,24,1,0,0,0,1,0,1,0,0,0,0,0,1,0,0,1,0,0,0,0,0,1,0,0,0,0
FDR23,15.85,0.08139146,177.837,OUT027,24,1,0,0,0,1,0,1,0,0,0,0,0,1,0,1,0,0,0,0,0,0,1,0,0,0,0
FDS52,8.89,0.005448005,102.1016,OUT027,24,1,0,0,0,1,0,1,0,0,0,0,0,1,0,1,0,0,0,0,0,0,1,0,0,0,0
NCP18,12.15,0.028714747,151.9708,OUT018,0,1,0,0,0,1,0,1,0,0,0,0,1,0,0,0,1,0,0,0,1,0,0,0,0,0,0
DRF23,4.61,0.122058364,172.8396,OUT027,24,1,0,0,0,1,0,1,0,0,0,0,0,1,1,0,0,0,0,0,0,0,1,0,0,0,0
FDO09,13.5,0.125528734,262.191,OUT045,7,0,1,0,1,0,0,0,1,0,0,1,0,0,0,1,0,0,0,0,0,0,0,0,1,0,0
FDB40,17.5,0.007555176,145.9102,OUT045,7,0,1,0,1,0,0,0,1,0,0,1,0,0,0,1,0,0,0,0,0,0,0,0,1,0,0
DRK37,5,0.077046505,189.453,OUT019,24,1,0,1,0,0,0,0,1,0,1,0,0,0,1,0,0,0,0,0,0,1,0,0,0,0,0
DRN11,7.85,0.162980276,145.2444,OUT046,12,1,0,1,0,0,0,0,1,0,0,1,0,0,1,0,0,0,0,0,0,0,0,0,0,1,0
FDE22,9.695,0.029632784,159.692,OUT045,7,1,0,0,1,0,0,0,1,0,0,1,0,0,0,1,0,0,0,0,0,0,0,0,1,0,0
FDF04,17.5,0.013634468,256.4304,OUT035,5,1,0,0,1,0,0,0,1,0,0,1,0,0,0,1,0,0,0,0,0,0,0,1,0,0,0
FDE41,9.195,0.064376263,83.1566,OUT017,2,0,1,0,1,0,0,0,1,0,0,1,0,0,0,1,0,0,0,1,0,0,0,0,0,0,0
FDW08,12.1,0.147663025,106.028,OUT027,24,1,0,0,0,1,0,1,0,0,0,0,0,1,0,1,0,0,0,0,0,0,1,0,0,0,0
NCD54,21.1,0.029003459,143.4786,OUT035,5,1,0,0,1,0,0,0,1,0,0,1,0,0,0,0,1,0,0,0,0,0,0,1,0,0,0
FDZ33,10.195,0.107834541,146.5076,OUT018,0,1,0,0,0,1,0,1,0,0,0,0,1,0,0,1,0,0,0,0,1,0,0,0,0,0,0
FDO23,17.85,0.146399663,93.8436,OUT035,5,1,0,0,1,0,0,0,1,0,0,1,0,0,0,1,0,0,0,0,0,0,0,1,0,0,0
FDN34,15.6,0.04575559,167.1132,OUT035,5,0,1,0,1,0,0,0,1,0,0,1,0,0,0,1,0,0,0,0,0,0,0,1,0,0,0
FDL39,16.1,0.063278652,182.1318,OUT013,22,0,1,0,0,1,1,0,0,0,0,1,0,0,0,1,0,0,1,0,0,0,0,0,0,0,0
FDT28,13.3,0.063664998,151.6708,OUT049,10,1,0,1,0,0,0,1,0,0,0,1,0,0,0,1,0,0,0,0,0,0,0,0,0,0,1
FDH33,12.85,0.122221269,45.9428,OUT018,0,1,0,0,0,1,0,1,0,0,0,0,1,0,0,1,0,0,0,0,1,0,0,0,0,0,0
FDA34,11.5,0.014944614,171.808,OUT017,2,1,0,0,1,0,0,0,1,0,0,1,0,0,0,1,0,0,0,1,0,0,0,0,0,0,0
FDZ56,16.25,0.025732114,166.4474,OUT035,5,1,0,0,1,0,0,0,1,0,0,1,0,0,0,1,0,0,0,0,0,0,0,1,0,0,0
DRH23,14.65,0.171281641,54.0614,OUT017,2,1,0,0,1,0,0,0,1,0,0,1,0,0,1,0,0,0,0,1,0,0,0,0,0,0,0
NCO18,13.15,0.024646608,177.4686,OUT035,5,1,0,0,1,0,0,0,1,0,0,1,0,0,0,0,1,0,0,0,0,0,0,1,0,0,0
DRG27,8.895,0.102240543,42.0138,OUT018,0,1,0,0,0,1,0,1,0,0,0,0,1,0,1,0,0,0,0,0,1,0,0,0,0,0,0
FDM28,15.7,0.075661985,181.366,OUT010,11,1,0,0,0,1,0,0,0,1,1,0,0,0,0,1,0,1,0,0,0,0,0,0,0,0,0
NCY41,16.75,0.126765903,35.7532,OUT010,11,1,0,0,0,1,0,0,0,1,1,0,0,0,0,0,1,1,0,0,0,0,0,0,0,0,0
FDD21,10.3,0.030563449,114.4176,OUT035,5,0,1,0,1,0,0,0,1,0,0,1,0,0,0,1,0,0,0,0,0,0,0,1,0,0,0
FDD44,8.05,0.078522357,257.1646,OUT049,10,0,1,1,0,0,0,1,0,0,0,1,0,0,0,1,0,0,0,0,0,0,0,0,0,0,1
FDP16,18.6,0.039294854,246.6802,OUT046,12,1,0,1,0,0,0,0,1,0,0,1,0,0,0,1,0,0,0,0,0,0,0,0,0,1,0
FDQ37,20.75,0.089260667,193.4478,OUT046,12,1,0,1,0,0,0,0,1,0,0,1,0,0,0,1,0,0,0,0,0,0,0,0,0,1,0
NCY05,13.5,0.05510153,37.0874,OUT045,7,1,0,0,1,0,0,0,1,0,0,1,0,0,0,0,1,0,0,0,0,0,0,0,1,0,0
NCE07,8.18,0.013127548,142.0154,OUT035,5,1,0,0,1,0,0,0,1,0,0,1,0,0,0,0,1,0,0,0,0,0,0,1,0,0,0
DRI51,17.25,0.042233642,173.3764,OUT035,5,1,0,0,1,0,0,0,1,0,0,1,0,0,1,0,0,0,0,0,0,0,0,1,0,0,0
NCI31,20,0.081492092,35.519,OUT045,7,1,0,0,1,0,0,0,1,0,0,1,0,0,0,0,1,0,0,0,0,0,0,0,1,0,0
FDK60,16.5,0.082218644,96.2068,OUT046,12,0,1,1,0,0,0,0,1,0,0,1,0,0,0,1,0,0,0,0,0,0,0,0,0,1,0
FDY12,9.8,0.14061104,49.8008,OUT046,12,0,1,1,0,0,0,0,1,0,0,1,0,0,0,1,0,0,0,0,0,0,0,0,0,1,0
FDO38,17.25,0.072952298,76.0986,OUT049,10,1,0,1,0,0,0,1,0,0,0,1,0,0,0,1,0,0,0,0,0,0,0,0,0,0,1
FDP11,15.85,0.069087481,218.7166,OUT035,5,1,0,0,1,0,0,0,1,0,0,1,0,0,0,1,0,0,0,0,0,0,0,1,0,0,0
FDC21,14.6,0.075215349,108.4254,OUT019,24,0,1,1,0,0,0,0,1,0,1,0,0,0,0,1,0,0,0,0,0,1,0,0,0,0,0
NCF54,18,0.047645037,172.6422,OUT017,2,1,0,0,1,0,0,0,1,0,0,1,0,0,0,0,1,0,0,1,0,0,0,0,0,0,0
FDC35,7.435,0.122242847,207.5638,OUT027,24,1,0,0,0,1,0,1,0,0,0,0,0,1,0,1,0,0,0,0,0,0,1,0,0,0,0
FDV43,16,0.076975118,46.2086,OUT049,10,1,0,1,0,0,0,1,0,0,0,1,0,0,0,1,0,0,0,0,0,0,0,0,0,0,1
DRE12,4.59,0.070890602,111.686,OUT049,10,1,0,1,0,0,0,1,0,0,0,1,0,0,1,0,0,0,0,0,0,0,0,0,0,0,1
DRE27,11.85,0.132560174,97.2726,OUT013,22,1,0,0,0,1,1,0,0,0,0,1,0,0,1,0,0,0,1,0,0,0,0,0,0,0,0
DRC36,13,0.044767032,173.7054,OUT027,24,0,1,0,0,1,0,1,0,0,0,0,0,1,1,0,0,0,0,0,0,0,1,0,0,0,0
FDZ38,17.6,0.007962273,174.0422,OUT027,24,1,0,0,0,1,0,1,0,0,0,0,0,1,0,1,0,0,0,0,0,0,1,0,0,0,0
NCW42,18.2,0.058799705,220.7456,OUT017,2,1,0,0,1,0,0,0,1,0,0,1,0,0,0,0,1,0,0,1,0,0,0,0,0,0,0
NCZ18,7.825,0.186445212,255.5698,OUT045,7,1,0,0,1,0,0,0,1,0,0,1,0,0,0,0,1,0,0,0,0,0,0,0,1,0,0
FDL13,13.85,0.098606543,232.73,OUT019,24,0,1,1,0,0,0,0,1,0,1,0,0,0,0,1,0,0,0,0,0,1,0,0,0,0,0
NCN18,8.895,0.125222705,113.3544,OUT018,0,1,0,0,0,1,0,1,0,0,0,0,1,0,0,0,1,0,0,0,1,0,0,0,0,0,0
FDI41,18.5,0.062609071,148.6418,OUT017,2,0,1,0,1,0,0,0,1,0,0,1,0,0,0,1,0,0,0,1,0,0,0,0,0,0,0
FDV22,14.85,0.009930514,157.463,OUT013,22,0,1,0,0,1,1,0,0,0,0,1,0,0,0,1,0,0,1,0,0,0,0,0,0,0,0
NCB43,20.2,0.099428487,187.8898,OUT027,24,1,0,0,0,1,0,1,0,0,0,0,0,1,0,0,1,0,0,0,0,0,1,0,0,0,0
FDQ46,7.51,0.103793399,110.1544,OUT035,5,1,0,0,1,0,0,0,1,0,0,1,0,0,0,1,0,0,0,0,0,0,0,1,0,0,0
FDC44,15.6,0.166454146,111.9518,OUT049,10,1,0,1,0,0,0,1,0,0,0,1,0,0,0,1,0,0,0,0,0,0,0,0,0,0,1
FDB22,8.02,0.111419588,154.3998,OUT035,5,1,0,0,1,0,0,0,1,0,0,1,0,0,0,1,0,0,0,0,0,0,0,1,0,0,0
FDV23,11,0.106051405,124.4046,OUT045,7,1,0,0,1,0,0,0,1,0,0,1,0,0,0,1,0,0,0,0,0,0,0,0,1,0,0
FDK10,5.785,0.04016342,181.166,OUT027,24,0,1,0,0,1,0,1,0,0,0,0,0,1,0,1,0,0,0,0,0,0,1,0,0,0,0
FDF05,17.5,0.026925385,264.391,OUT045,7,1,0,0,1,0,0,0,1,0,0,1,0,0,0,1,0,0,0,0,0,0,0,0,1,0,0
FDL33,7.235,0.099962524,193.8452,OUT046,12,1,0,1,0,0,0,0,1,0,0,1,0,0,0,1,0,0,0,0,0,0,0,0,0,1,0
FDD20,14.15,0.020614212,126.4046,OUT027,24,1,0,0,0,1,0,1,0,0,0,0,0,1,0,1,0,0,0,0,0,0,1,0,0,0,0
NCM54,17.7,0.050692386,125.6678,OUT027,24,1,0,0,0,1,0,1,0,0,0,0,0,1,0,0,1,0,0,0,0,0,1,0,0,0,0
FDW48,18,0.008589133,81.0618,OUT017,2,1,0,0,1,0,0,0,1,0,0,1,0,0,0,1,0,0,0,1,0,0,0,0,0,0,0
DRF36,16.1,0.023673342,189.0846,OUT018,0,1,0,0,0,1,0,1,0,0,0,0,1,0,1,0,0,0,0,0,1,0,0,0,0,0,0
NCM06,7.475,0.075881475,155.2656,OUT045,7,1,0,0,1,0,0,0,1,0,0,1,0,0,0,0,1,0,0,0,0,0,0,0,1,0,0
NCA54,16.5,0.061330521,178.7318,OUT010,11,1,0,0,0,1,0,0,0,1,1,0,0,0,0,0,1,1,0,0,0,0,0,0,0,0,0
FDT46,11.35,0.030869612,49.8008,OUT045,7,1,0,0,1,0,0,0,1,0,0,1,0,0,0,1,0,0,0,0,0,0,0,0,1,0,0
FDH20,16.1,0.024944396,95.441,OUT035,5,0,1,0,1,0,0,0,1,0,0,1,0,0,0,1,0,0,0,0,0,0,0,1,0,0,0
FDT38,18.7,0.057654132,83.1566,OUT045,7,1,0,0,1,0,0,0,1,0,0,1,0,0,0,1,0,0,0,0,0,0,0,0,1,0,0
NCI17,8.645,0.143713508,96.641,OUT045,7,1,0,0,1,0,0,0,1,0,0,1,0,0,0,0,1,0,0,0,0,0,0,0,1,0,0
FDO40,17.1,0.032812669,147.1392,OUT017,2,1,0,0,1,0,0,0,1,0,0,1,0,0,0,1,0,0,0,1,0,0,0,0,0,0,0
FDP12,9.8,0.045266806,36.9874,OUT046,12,0,1,1,0,0,0,0,1,0,0,1,0,0,0,1,0,0,0,0,0,0,0,0,0,1,0
FDI44,16.1,0.099747488,75.2328,OUT027,24,1,0,0,0,1,0,1,0,0,0,0,0,1,0,1,0,0,0,0,0,0,1,0,0,0,0
FDB21,7.475,0.144612242,242.9854,OUT027,24,1,0,0,0,1,0,1,0,0,0,0,0,1,0,1,0,0,0,0,0,0,1,0,0,0,0
FDG16,15.25,0.089742065,213.7192,OUT013,22,1,0,0,0,1,1,0,0,0,0,1,0,0,0,1,0,0,1,0,0,0,0,0,0,0,0
NCZ42,10.5,0.011351778,236.5248,OUT017,2,1,0,0,1,0,0,0,1,0,0,1,0,0,0,0,1,0,0,1,0,0,0,0,0,0,0
NCJ30,5.82,0.081096613,170.379,OUT017,2,1,0,0,1,0,0,0,1,0,0,1,0,0,0,0,1,0,0,1,0,0,0,0,0,0,0
FDV49,10,0.025827199,263.2226,OUT046,12,1,0,1,0,0,0,0,1,0,0,1,0,0,0,1,0,0,0,0,0,0,0,0,0,1,0
NCO43,5.5,0.045419504,103.1016,OUT045,7,1,0,0,1,0,0,0,1,0,0,1,0,0,0,0,1,0,0,0,0,0,0,0,1,0,0
NCF18,18.35,0.148938624,191.9504,OUT010,11,1,0,0,0,1,0,0,0,1,1,0,0,0,0,0,1,1,0,0,0,0,0,0,0,0,0
NCX41,19,0.017291038,211.0244,OUT010,11,1,0,0,0,1,0,0,0,1,1,0,0,0,0,0,1,1,0,0,0,0,0,0,0,0,0
FDY11,6.71,0.029535852,67.5142,OUT013,22,0,1,0,0,1,1,0,0,0,0,1,0,0,0,1,0,0,1,0,0,0,0,0,0,0,0
FDU46,10.3,0.011143599,88.254,OUT049,10,0,1,1,0,0,0,1,0,0,0,1,0,0,0,1,0,0,0,0,0,0,0,0,0,0,1
NCI18,18.35,0.014045832,222.7746,OUT049,10,1,0,1,0,0,0,1,0,0,0,1,0,0,0,0,1,0,0,0,0,0,0,0,0,0,1
FDL38,13.8,0.014730322,90.9172,OUT035,5,0,1,0,1,0,0,0,1,0,0,1,0,0,0,1,0,0,0,0,0,0,0,1,0,0,0
FDY60,10.5,0.026520107,144.8128,OUT017,2,0,1,0,1,0,0,0,1,0,0,1,0,0,0,1,0,0,0,1,0,0,0,0,0,0,0
FDF53,20.75,0.083736551,178.7318,OUT049,10,0,1,1,0,0,0,1,0,0,0,1,0,0,0,1,0,0,0,0,0,0,0,0,0,0,1
NCM05,6.825,0.059557164,263.7226,OUT027,24,1,0,0,0,1,0,1,0,0,0,0,0,1,0,0,1,0,0,0,0,0,1,0,0,0,0
FDR13,9.895,0.028837829,117.8492,OUT018,0,0,1,0,0,1,0,1,0,0,0,0,1,0,0,1,0,0,0,0,1,0,0,0,0,0,0
FDA49,19.7,0.113669629,89.0198,OUT019,24,1,0,1,0,0,0,0,1,0,1,0,0,0,0,1,0,0,0,0,0,1,0,0,0,0,0
FDY52,6.365,0.012865901,59.3536,OUT019,24,1,0,1,0,0,0,0,1,0,1,0,0,0,0,1,0,0,0,0,0,1,0,0,0,0,0
FDL02,20,0.182236555,107.1622,OUT019,24,0,1,1,0,0,0,0,1,0,1,0,0,0,0,1,0,0,0,0,0,1,0,0,0,0,0
FDO24,11.1,0.176069023,156.7604,OUT013,22,1,0,0,0,1,1,0,0,0,0,1,0,0,0,1,0,0,1,0,0,0,0,0,0,0,0
FDM08,10.1,0.053574075,223.7088,OUT035,5,0,1,0,1,0,0,0,1,0,0,1,0,0,0,1,0,0,0,0,0,0,0,1,0,0,0
FDJ02,17.2,0.044063785,147.2418,OUT019,24,0,1,1,0,0,0,0,1,0,1,0,0,0,0,1,0,0,0,0,0,1,0,0,0,0,0
FDW40,14,0.105573769,143.9812,OUT018,0,0,1,0,0,1,0,1,0,0,0,0,1,0,0,1,0,0,0,0,1,0,0,0,0,0,0
FDT46,11.35,0.030657949,50.5008,OUT027,24,1,0,0,0,1,0,1,0,0,0,0,0,1,0,1,0,0,0,0,0,0,1,0,0,0,0
FDY08,9.395,0.172042892,139.9838,OUT017,2,0,1,0,1,0,0,0,1,0,0,1,0,0,0,1,0,0,0,1,0,0,0,0,0,0,0
FDM21,20.2,0.064052392,256.1646,OUT027,24,1,0,0,0,1,0,1,0,0,0,0,0,1,0,1,0,0,0,0,0,0,1,0,0,0,0
FDH26,19.25,0.034531702,142.2496,OUT027,24,0,1,0,0,1,0,1,0,0,0,0,0,1,0,1,0,0,0,0,0,0,1,0,0,0,0
NCM42,6.13,0.028365524,110.0912,OUT049,10,1,0,1,0,0,0,1,0,0,0,1,0,0,0,0,1,0,0,0,0,0,0,0,0,0,1
FDW13,8.5,0.097866209,51.1324,OUT035,5,1,0,0,1,0,0,0,1,0,0,1,0,0,0,1,0,0,0,0,0,0,0,1,0,0,0
FDN04,11.8,0.01401884,178.1344,OUT027,24,0,1,0,0,1,0,1,0,0,0,0,0,1,0,1,0,0,0,0,0,0,1,0,0,0,0
NCD07,9.1,0.041583976,114.4518,OUT046,12,1,0,1,0,0,0,0,1,0,0,1,0,0,0,0,1,0,0,0,0,0,0,0,0,1,0
FDB34,15.25,0.044539371,85.3198,OUT010,11,1,0,0,0,1,0,0,0,1,1,0,0,0,0,1,0,1,0,0,0,0,0,0,0,0,0
FDD09,13.5,0.020737046,179.9976,OUT013,22,1,0,0,0,1,1,0,0,0,0,1,0,0,0,1,0,0,1,0,0,0,0,0,0,0,0
DRH59,10.8,0.056353798,72.338,OUT049,10,1,0,1,0,0,0,1,0,0,0,1,0,0,1,0,0,0,0,0,0,0,0,0,0,0,1
DRN36,15.2,0.050168354,95.3752,OUT035,5,1,0,0,1,0,0,0,1,0,0,1,0,0,1,0,0,0,0,0,0,0,0,1,0,0,0
DRA24,19.35,0.040154087,164.6868,OUT017,2,0,1,0,1,0,0,0,1,0,0,1,0,0,1,0,0,0,0,1,0,0,0,0,0,0,0
FDY36,12.3,0.009364957,74.238,OUT027,24,1,0,0,0,1,0,1,0,0,0,0,0,1,0,1,0,0,0,0,0,0,1,0,0,0,0
FDG34,11.5,0.037539164,106.9254,OUT013,22,0,1,0,0,1,1,0,0,0,0,1,0,0,0,1,0,0,1,0,0,0,0,0,0,0,0
FDK43,9.8,0.026992588,127.302,OUT017,2,1,0,0,1,0,0,0,1,0,0,1,0,0,0,1,0,0,0,1,0,0,0,0,0,0,0
NCM06,7.475,0.076156245,156.4656,OUT017,2,1,0,0,1,0,0,0,1,0,0,1,0,0,0,0,1,0,0,1,0,0,0,0,0,0,0
FDK22,9.8,0.026192765,215.685,OUT018,0,1,0,0,0,1,0,1,0,0,0,0,1,0,0,1,0,0,0,0,1,0,0,0,0,0,0
FDF21,10.3,0.058542509,188.353,OUT027,24,0,1,0,0,1,0,1,0,0,0,0,0,1,0,1,0,0,0,0,0,0,1,0,0,0,0
FDO33,14.75,0.089686322,115.3518,OUT018,0,1,0,0,0,1,0,1,0,0,0,0,1,0,0,1,0,0,0,0,1,0,0,0,0,0,0
NCO43,5.5,0.047364617,100.0016,OUT017,2,1,0,0,1,0,0,0,1,0,0,1,0,0,0,0,1,0,0,1,0,0,0,0,0,0,0
FDX15,17.2,0.156269303,159.6578,OUT035,5,1,0,0,1,0,0,0,1,0,0,1,0,0,0,1,0,0,0,0,0,0,0,1,0,0,0
FDS10,19.2,0.035185588,181.3318,OUT046,12,1,0,1,0,0,0,0,1,0,0,1,0,0,0,1,0,0,0,0,0,0,0,0,0,1,0
FDD46,6.035,0.247321039,152.3998,OUT019,24,1,0,1,0,0,0,0,1,0,1,0,0,0,0,1,0,0,0,0,0,1,0,0,0,0,0
FDV22,14.85,0.009979271,155.763,OUT018,0,0,1,0,0,1,0,1,0,0,0,0,1,0,0,1,0,0,0,0,1,0,0,0,0,0,0
NCR29,7.565,0.054863459,58.393,OUT018,0,1,0,0,0,1,0,1,0,0,0,0,1,0,0,0,1,0,0,0,1,0,0,0,0,0,0
FDU34,18.25,0.075620262,123.8046,OUT017,2,1,0,0,1,0,0,0,1,0,0,1,0,0,0,1,0,0,0,1,0,0,0,0,0,0,0
FDZ35,9.6,0.02236923,104.799,OUT018,0,0,1,0,0,1,0,1,0,0,0,0,1,0,0,1,0,0,0,0,1,0,0,0,0,0,0
FDA26,7.855,0.073906461,218.4482,OUT035,5,0,1,0,1,0,0,0,1,0,0,1,0,0,0,1,0,0,0,0,0,0,0,1,0,0,0
FDP38,10.1,0.032283676,52.2008,OUT017,2,1,0,0,1,0,0,0,1,0,0,1,0,0,0,1,0,0,0,1,0,0,0,0,0,0,0
FDT22,10.395,0.11207602,58.022,OUT035,5,1,0,0,1,0,0,0,1,0,0,1,0,0,0,1,0,0,0,0,0,0,0,1,0,0,0
FDA50,16.25,0.087668236,94.941,OUT017,2,1,0,0,1,0,0,0,1,0,0,1,0,0,0,1,0,0,0,1,0,0,0,0,0,0,0
FDY10,17.6,0.049067877,115.6176,OUT046,12,1,0,1,0,0,0,0,1,0,0,1,0,0,0,1,0,0,0,0,0,0,0,0,0,1,0
FDC09,15.5,0.026355345,100.8332,OUT045,7,0,1,0,1,0,0,0,1,0,0,1,0,0,0,1,0,0,0,0,0,0,0,0,1,0,0
FDT19,7.59,0.145631695,172.808,OUT018,0,0,1,0,0,1,0,1,0,0,0,0,1,0,0,1,0,0,0,0,1,0,0,0,0,0,0
FDO34,17.7,0.029793955,167.2816,OUT027,24,1,0,0,0,1,0,1,0,0,0,0,0,1,0,1,0,0,0,0,0,0,1,0,0,0,0
NCV54,11.1,0.033160417,119.6124,OUT049,10,1,0,1,0,0,0,1,0,0,0,1,0,0,0,0,1,0,0,0,0,0,0,0,0,0,1
FDH57,10.895,0.035574413,131.4284,OUT027,24,1,0,0,0,1,0,1,0,0,0,0,0,1,0,1,0,0,0,0,0,0,1,0,0,0,0
FDA28,16.1,0.047801883,127.4362,OUT046,12,0,1,1,0,0,0,0,1,0,0,1,0,0,0,1,0,0,0,0,0,0,0,0,0,1,0
FDB05,5.155,0.083198341,246.0776,OUT046,12,1,0,1,0,0,0,0,1,0,0,1,0,0,0,1,0,0,0,0,0,0,0,0,0,1,0
FDK45,11.65,0.059281315,111.586,OUT019,24,1,0,1,0,0,0,0,1,0,1,0,0,0,0,1,0,0,0,0,0,1,0,0,0,0,0
DRH01,17.5,0.171417316,173.0738,OUT019,24,1,0,1,0,0,0,0,1,0,1,0,0,0,1,0,0,0,0,0,0,1,0,0,0,0,0
FDY52,6.365,0.007348286,62.8536,OUT046,12,1,0,1,0,0,0,0,1,0,0,1,0,0,0,1,0,0,0,0,0,0,0,0,0,1,0
FDR48,11.65,0.123985215,152.6024,OUT035,5,1,0,0,1,0,0,0,1,0,0,1,0,0,0,1,0,0,0,0,0,0,0,1,0,0,0
FDY15,18.25,0.170795745,154.463,OUT035,5,0,1,0,1,0,0,0,1,0,0,1,0,0,0,1,0,0,0,0,0,0,0,1,0,0,0
FDM51,11.8,0.025966531,102.2674,OUT049,10,0,1,1,0,0,0,1,0,0,0,1,0,0,0,1,0,0,0,0,0,0,0,0,0,0,1
FDR43,18.2,0.161489509,37.619,OUT046,12,1,0,1,0,0,0,0,1,0,0,1,0,0,0,1,0,0,0,0,0,0,0,0,0,1,0
FDW09,13.65,0.025899245,81.1302,OUT013,22,0,1,0,0,1,1,0,0,0,0,1,0,0,0,1,0,0,1,0,0,0,0,0,0,0,0
FDV44,8.365,0.039906377,191.3188,OUT049,10,0,1,1,0,0,0,1,0,0,0,1,0,0,0,1,0,0,0,0,0,0,0,0,0,0,1
DRH37,17.6,0.072864869,165.2526,OUT019,24,1,0,1,0,0,0,0,1,0,1,0,0,0,1,0,0,0,0,0,0,1,0,0,0,0,0
FDZ47,20.7,0.079419755,99.8042,OUT049,10,0,1,1,0,0,0,1,0,0,0,1,0,0,0,1,0,0,0,0,0,0,0,0,0,0,1
NCP43,17.75,0.03050705,180.366,OUT046,12,1,0,1,0,0,0,0,1,0,0,1,0,0,0,0,1,0,0,0,0,0,0,0,0,1,0
FDL26,18,0.073490977,157.3972,OUT018,0,1,0,0,0,1,0,1,0,0,0,0,1,0,0,1,0,0,0,0,1,0,0,0,0,0,0
DRM35,9.695,0.070843019,177.7344,OUT017,2,1,0,0,1,0,0,0,1,0,0,1,0,0,1,0,0,0,0,1,0,0,0,0,0,0,0
FDM39,6.42,0.053688479,178.3002,OUT018,0,1,0,0,0,1,0,1,0,0,0,0,1,0,0,1,0,0,0,0,1,0,0,0,0,0,0
DRD15,10.6,0.056911107,233.9642,OUT045,7,1,0,0,1,0,0,0,1,0,0,1,0,0,1,0,0,0,0,0,0,0,0,0,1,0,0
NCK06,5.03,0.014472516,122.0756,OUT010,11,1,0,0,0,1,0,0,0,1,1,0,0,0,0,0,1,1,0,0,0,0,0,0,0,0,0
FDV04,7.825,0.150319469,156.9288,OUT045,7,0,1,0,1,0,0,0,1,0,0,1,0,0,0,1,0,0,0,0,0,0,0,0,1,0,0
FDG46,8.63,0.032750291,112.1518,OUT027,24,0,1,0,0,1,0,1,0,0,0,0,0,1,0,1,0,0,0,0,0,0,1,0,0,0,0
FDO19,17.7,0.016622448,50.2034,OUT049,10,0,1,1,0,0,0,1,0,0,0,1,0,0,0,1,0,0,0,0,0,0,0,0,0,0,1
NCN05,8.235,0.014482153,182.295,OUT049,10,1,0,1,0,0,0,1,0,0,0,1,0,0,0,0,1,0,0,0,0,0,0,0,0,0,1
DRA12,11.6,0.034937793,141.6154,OUT045,7,1,0,0,1,0,0,0,1,0,0,1,0,0,1,0,0,0,0,0,0,0,0,0,1,0,0
FDJ02,17.2,0.025205909,149.1418,OUT049,10,0,1,1,0,0,0,1,0,0,0,1,0,0,0,1,0,0,0,0,0,0,0,0,0,0,1
NCK17,11,0.037971697,38.948,OUT045,7,1,0,0,1,0,0,0,1,0,0,1,0,0,0,0,1,0,0,0,0,0,0,0,1,0,0
FDO58,19.6,0.039544237,163.6526,OUT013,22,1,0,0,0,1,1,0,0,0,0,1,0,0,0,1,0,0,1,0,0,0,0,0,0,0,0
FDB22,8.02,0.111613921,152.6998,OUT049,10,1,0,1,0,0,0,1,0,0,0,1,0,0,0,1,0,0,0,0,0,0,0,0,0,0,1
FDG33,5.365,0.140524691,172.7764,OUT045,7,0,1,0,1,0,0,0,1,0,0,1,0,0,0,1,0,0,0,0,0,0,0,0,1,0,0
FDK58,11.35,0.045073782,101.9016,OUT045,7,0,1,0,1,0,0,0,1,0,0,1,0,0,0,1,0,0,0,0,0,0,0,0,1,0,0
DRH49,19.7,0.043168763,82.8592,OUT019,24,1,0,1,0,0,0,0,1,0,1,0,0,0,1,0,0,0,0,0,0,1,0,0,0,0,0
FDT43,16.35,0.020547951,51.2324,OUT046,12,1,0,1,0,0,0,0,1,0,0,1,0,0,0,1,0,0,0,0,0,0,0,0,0,1,0
NCR38,17.25,0.113694957,253.4724,OUT049,10,1,0,1,0,0,0,1,0,0,0,1,0,0,0,0,1,0,0,0,0,0,0,0,0,0,1
DRI39,13.8,0.097043739,57.493,OUT035,5,1,0,0,1,0,0,0,1,0,0,1,0,0,1,0,0,0,0,0,0,0,0,1,0,0,0
NCZ05,8.485,0.058121214,104.499,OUT035,5,1,0,0,1,0,0,0,1,0,0,1,0,0,0,0,1,0,0,0,0,0,0,1,0,0,0
FDU21,11.8,0.07665661,32.3558,OUT013,22,0,1,0,0,1,1,0,0,0,0,1,0,0,0,1,0,0,1,0,0,0,0,0,0,0,0
NCP54,15.35,0.035204319,122.873,OUT049,10,1,0,1,0,0,0,1,0,0,0,1,0,0,0,0,1,0,0,0,0,0,0,0,0,0,1
NCX29,10,0.089333332,145.6102,OUT045,7,1,0,0,1,0,0,0,1,0,0,1,0,0,0,0,1,0,0,0,0,0,0,0,1,0,0
FDV01,19.2,0.080119442,153.3314,OUT017,2,0,1,0,1,0,0,0,1,0,0,1,0,0,0,1,0,0,0,1,0,0,0,0,0,0,0
NCS17,18.6,0.080956792,95.2436,OUT017,2,1,0,0,1,0,0,0,1,0,0,1,0,0,0,0,1,0,0,1,0,0,0,0,0,0,0
NCN07,18.5,0.03391645,130.9284,OUT013,22,1,0,0,0,1,1,0,0,0,0,1,0,0,0,0,1,0,1,0,0,0,0,0,0,0,0
FDB14,20.25,0.102704495,94.312,OUT035,5,0,1,0,1,0,0,0,1,0,0,1,0,0,0,1,0,0,0,0,0,0,0,1,0,0,0
NCJ18,12.35,0.163910938,119.2124,OUT035,5,1,0,0,1,0,0,0,1,0,0,1,0,0,0,0,1,0,0,0,0,0,0,1,0,0,0
FDF57,14.5,0.058827383,172.2448,OUT046,12,0,1,1,0,0,0,0,1,0,0,1,0,0,0,1,0,0,0,0,0,0,0,0,0,1,0
DRG01,14.8,0.044840933,78.367,OUT013,22,1,0,0,0,1,1,0,0,0,0,1,0,0,1,0,0,0,1,0,0,0,0,0,0,0,0
FDA02,14,0.029843736,143.9786,OUT018,0,0,1,0,0,1,0,1,0,0,0,0,1,0,0,1,0,0,0,0,1,0,0,0,0,0,0
DRJ37,10.8,0.061446997,150.4024,OUT017,2,1,0,0,1,0,0,0,1,0,0,1,0,0,1,0,0,0,0,1,0,0,0,0,0,0,0
NCP55,14.65,0.011180713,53.8614,OUT013,22,1,0,0,0,1,1,0,0,0,0,1,0,0,0,0,1,0,1,0,0,0,0,0,0,0,0
FDW45,18,0.038822077,147.7418,OUT027,24,1,0,0,0,1,0,1,0,0,0,0,0,1,0,1,0,0,0,0,0,0,1,0,0,0,0
FDK38,6.65,0.053397989,149.3734,OUT045,7,1,0,0,1,0,0,0,1,0,0,1,0,0,0,1,0,0,0,0,0,0,0,0,1,0,0
NCZ30,6.59,0.043828293,121.4098,OUT010,11,1,0,0,0,1,0,0,0,1,1,0,0,0,0,0,1,1,0,0,0,0,0,0,0,0,0
FDK08,9.195,0.214139786,102.4016,OUT019,24,0,1,1,0,0,0,0,1,0,1,0,0,0,0,1,0,0,0,0,0,1,0,0,0,0,0
DRY23,9.395,0.109075742,42.9112,OUT035,5,0,1,0,1,0,0,0,1,0,0,1,0,0,1,0,0,0,0,0,0,0,0,1,0,0,0
FDT31,19.75,0.012448294,188.2872,OUT046,12,1,0,1,0,0,0,0,1,0,0,1,0,0,0,1,0,0,0,0,0,0,0,0,0,1,0
FDU52,7.56,0.064030636,154.463,OUT018,0,1,0,0,0,1,0,1,0,0,0,0,1,0,0,1,0,0,0,0,1,0,0,0,0,0,0
NCG19,20.25,0.14781046,234.8616,OUT013,22,1,0,0,0,1,1,0,0,0,0,1,0,0,0,0,1,0,1,0,0,0,0,0,0,0,0
NCR30,20.6,0.071136948,76.3696,OUT045,7,1,0,0,1,0,0,0,1,0,0,1,0,0,0,0,1,0,0,0,0,0,0,0,1,0,0
FDN23,6.575,0.07566089,145.4444,OUT045,7,0,1,0,1,0,0,0,1,0,0,1,0,0,0,1,0,0,0,0,0,0,0,0,1,0,0
FDQ01,19.7,0.16102755,254.1014,OUT045,7,0,1,0,1,0,0,0,1,0,0,1,0,0,0,1,0,0,0,0,0,0,0,0,1,0,0
FDO22,13.5,0.029893094,81.096,OUT010,11,0,1,0,0,1,0,0,0,1,1,0,0,0,0,1,0,1,0,0,0,0,0,0,0,0,0
DRE13,6.28,0.027761289,85.8198,OUT045,7,1,0,0,1,0,0,0,1,0,0,1,0,0,1,0,0,0,0,0,0,0,0,0,1,0,0
FDL44,18.25,0.012272797,160.2894,OUT035,5,1,0,0,1,0,0,0,1,0,0,1,0,0,0,1,0,0,0,0,0,0,0,1,0,0,0
FDT34,9.3,0.174317307,106.7964,OUT035,5,1,0,0,1,0,0,0,1,0,0,1,0,0,0,1,0,0,0,0,0,0,0,1,0,0,0
DRM23,16.6,0.135707553,170.6422,OUT035,5,1,0,0,1,0,0,0,1,0,0,1,0,0,1,0,0,0,0,0,0,0,0,1,0,0,0
FDF32,16.35,0.068219025,198.9426,OUT045,7,1,0,0,1,0,0,0,1,0,0,1,0,0,0,1,0,0,0,0,0,0,0,0,1,0,0
NCE18,10,0.021468792,251.675,OUT045,7,1,0,0,1,0,0,0,1,0,0,1,0,0,0,0,1,0,0,0,0,0,0,0,1,0,0
FDA51,8.05,0.163882129,113.2518,OUT027,24,0,1,0,0,1,0,1,0,0,0,0,0,1,0,1,0,0,0,0,0,0,1,0,0,0,0
DRZ24,7.535,0.082250143,118.344,OUT017,2,1,0,0,1,0,0,0,1,0,0,1,0,0,1,0,0,0,0,1,0,0,0,0,0,0,0
FDT48,4.92,0.046026479,196.5084,OUT049,10,1,0,1,0,0,0,1,0,0,0,1,0,0,0,1,0,0,0,0,0,0,0,0,0,0,1
DRG11,6.385,0.080868961,108.9596,OUT046,12,1,0,1,0,0,0,0,1,0,0,1,0,0,1,0,0,0,0,0,0,0,0,0,0,1,0
FDE58,18.5,0.052149675,118.3124,OUT049,10,1,0,1,0,0,0,1,0,0,0,1,0,0,0,1,0,0,0,0,0,0,0,0,0,0,1
DRA12,11.6,0.040911824,142.3154,OUT013,22,1,0,0,0,1,1,0,0,0,0,1,0,0,1,0,0,0,1,0,0,0,0,0,0,0,0
FDP60,17.35,0.056235142,102.0016,OUT017,2,1,0,0,1,0,0,0,1,0,0,1,0,0,0,1,0,0,0,1,0,0,0,0,0,0,0
FDT10,16.7,0.062170334,60.9562,OUT045,7,0,1,0,1,0,0,0,1,0,0,1,0,0,0,1,0,0,0,0,0,0,0,0,1,0,0
FDE05,10.895,0.032427039,147.7102,OUT013,22,0,1,0,0,1,1,0,0,0,0,1,0,0,0,1,0,0,1,0,0,0,0,0,0,0,0
FDC32,18.35,0.099309997,91.4462,OUT045,7,1,0,0,1,0,0,0,1,0,0,1,0,0,0,1,0,0,0,0,0,0,0,0,1,0,0
FDJ22,18.75,0.05310896,193.6504,OUT017,2,1,0,0,1,0,0,0,1,0,0,1,0,0,0,1,0,0,0,1,0,0,0,0,0,0,0
NCH18,9.3,0.044843161,246.1802,OUT018,0,1,0,0,0,1,0,1,0,0,0,0,1,0,0,0,1,0,0,0,1,0,0,0,0,0,0
DRE37,13.5,0.164966345,189.4872,OUT019,24,1,0,1,0,0,0,0,1,0,1,0,0,0,1,0,0,0,0,0,0,1,0,0,0,0,0
DRC13,8.26,0.032435437,124.873,OUT035,5,0,1,0,1,0,0,0,1,0,0,1,0,0,1,0,0,0,0,0,0,0,0,1,0,0,0
FDG47,12.8,0.06961884,260.3252,OUT046,12,1,0,1,0,0,0,0,1,0,0,1,0,0,0,1,0,0,0,0,0,0,0,0,0,1,0
FDY55,16.75,0.08165147,258.3988,OUT018,0,1,0,0,0,1,0,1,0,0,0,0,1,0,0,1,0,0,0,0,1,0,0,0,0,0,0
NCW29,14,0.028723187,131.831,OUT027,24,1,0,0,0,1,0,1,0,0,0,0,0,1,0,0,1,0,0,0,0,0,1,0,0,0,0
NCT05,10.895,0.020994339,255.6672,OUT045,7,1,0,0,1,0,0,0,1,0,0,1,0,0,0,0,1,0,0,0,0,0,0,0,1,0,0
FDN50,16.85,0.026561057,93.712,OUT049,10,0,1,1,0,0,0,1,0,0,0,1,0,0,0,1,0,0,0,0,0,0,0,0,0,0,1
FDU60,20,0.100262068,169.6132,OUT010,11,0,1,0,0,1,0,0,0,1,1,0,0,0,0,1,0,1,0,0,0,0,0,0,0,0,0
FDX02,16,0.057012606,225.0404,OUT013,22,1,0,0,0,1,1,0,0,0,0,1,0,0,0,1,0,0,1,0,0,0,0,0,0,0,0
FDL34,16,0.041009558,141.2496,OUT049,10,1,0,1,0,0,0,1,0,0,0,1,0,0,0,1,0,0,0,0,0,0,0,0,0,0,1
DRF27,8.93,0.028578012,152.234,OUT017,2,1,0,0,1,0,0,0,1,0,0,1,0,0,1,0,0,0,0,1,0,0,0,0,0,0,0
FDZ35,9.6,0.021676376,101.699,OUT049,10,0,1,1,0,0,0,1,0,0,0,1,0,0,0,1,0,0,0,0,0,0,0,0,0,0,1
DRF03,19.1,0.045088724,39.7138,OUT027,24,1,0,0,0,1,0,1,0,0,0,0,0,1,1,0,0,0,0,0,0,0,1,0,0,0,0
NCO41,12.5,0.018757586,96.9384,OUT027,24,1,0,0,0,1,0,1,0,0,0,0,0,1,0,0,1,0,0,0,0,0,1,0,0,0,0
FDQ59,9.8,0.056500895,85.8908,OUT045,7,0,1,0,1,0,0,0,1,0,0,1,0,0,0,1,0,0,0,0,0,0,0,0,1,0,0
NCZ53,9.6,0.024576875,186.6214,OUT018,0,1,0,0,0,1,0,1,0,0,0,0,1,0,0,0,1,0,0,0,1,0,0,0,0,0,0
FDZ33,10.195,0.188038372,146.4076,OUT019,24,1,0,1,0,0,0,0,1,0,1,0,0,0,0,1,0,0,0,0,0,1,0,0,0,0,0
FDD34,7.945,0.015908485,161.421,OUT045,7,1,0,0,1,0,0,0,1,0,0,1,0,0,0,1,0,0,0,0,0,0,0,0,1,0,0
NCM06,7.475,0.075845634,156.0656,OUT049,10,1,0,1,0,0,0,1,0,0,0,1,0,0,0,0,1,0,0,0,0,0,0,0,0,0,1
FDY43,14.85,0.098803088,169.7474,OUT018,0,1,0,0,0,1,0,1,0,0,0,0,1,0,0,1,0,0,0,0,1,0,0,0,0,0,0
DRM23,16.6,0.227189581,173.9422,OUT010,11,1,0,0,0,1,0,0,0,1,1,0,0,0,1,0,0,1,0,0,0,0,0,0,0,0,0
FDT20,10.5,0.041459804,39.2164,OUT049,10,1,0,1,0,0,0,1,0,0,0,1,0,0,0,1,0,0,0,0,0,0,0,0,0,0,1
FDG46,8.63,0.032882271,113.5518,OUT013,22,0,1,0,0,1,1,0,0,0,0,1,0,0,0,1,0,0,1,0,0,0,0,0,0,0,0
FDH10,21,0.049583899,193.8478,OUT017,2,1,0,0,1,0,0,0,1,0,0,1,0,0,0,1,0,0,0,1,0,0,0,0,0,0,0
FDF24,15.5,0.02536567,82.7934,OUT035,5,0,1,0,1,0,0,0,1,0,0,1,0,0,0,1,0,0,0,0,0,0,0,1,0,0,0
FDG57,14.7,0.07229836,48.2034,OUT046,12,1,0,1,0,0,0,0,1,0,0,1,0,0,0,1,0,0,0,0,0,0,0,0,0,1,0
FDN44,13.15,0.022924552,157.892,OUT017,2,1,0,0,1,0,0,0,1,0,0,1,0,0,0,1,0,0,0,1,0,0,0,0,0,0,0
FDD32,17.7,0.040897932,82.6276,OUT013,22,0,1,0,0,1,1,0,0,0,0,1,0,0,0,1,0,0,1,0,0,0,0,0,0,0,0
FDI04,13.65,0.127660257,198.5426,OUT019,24,0,1,1,0,0,0,0,1,0,1,0,0,0,0,1,0,0,0,0,0,1,0,0,0,0,0
FDA56,9.21,0.008764786,123.1414,OUT046,12,1,0,1,0,0,0,0,1,0,0,1,0,0,0,1,0,0,0,0,0,0,0,0,0,1,0
DRG51,12.1,0.011604894,166.0526,OUT017,2,1,0,0,1,0,0,0,1,0,0,1,0,0,1,0,0,0,0,1,0,0,0,0,0,0,0
FDZ04,9.31,0.038169783,64.551,OUT017,2,1,0,0,1,0,0,0,1,0,0,1,0,0,0,1,0,0,0,1,0,0,0,0,0,0,0
FDT13,14.85,0.018568129,188.2214,OUT035,5,1,0,0,1,0,0,0,1,0,0,1,0,0,0,1,0,0,0,0,0,0,0,1,0,0,0
FDY56,16.35,0.062109174,223.7062,OUT027,24,0,1,0,0,1,0,1,0,0,0,0,0,1,0,1,0,0,0,0,0,0,1,0,0,0,0
FDB51,6.92,0.038671588,64.2852,OUT017,2,1,0,0,1,0,0,0,1,0,0,1,0,0,0,1,0,0,0,1,0,0,0,0,0,0,0
NCY29,13.65,0.077169841,55.593,OUT013,22,1,0,0,0,1,1,0,0,0,0,1,0,0,0,0,1,0,1,0,0,0,0,0,0,0,0
FDL34,16,0.041028937,142.6496,OUT045,7,1,0,0,1,0,0,0,1,0,0,1,0,0,0,1,0,0,0,0,0,0,0,0,1,0,0
NCQ38,16.35,0.013387211,105.628,OUT049,10,1,0,1,0,0,0,1,0,0,0,1,0,0,0,0,1,0,0,0,0,0,0,0,0,0,1
NCR41,17.85,0.017936715,93.7094,OUT027,24,1,0,0,0,1,0,1,0,0,0,0,0,1,0,0,1,0,0,0,0,0,1,0,0,0,0
FDY24,4.88,0.223440258,52.2298,OUT010,11,0,1,0,0,1,0,0,0,1,1,0,0,0,0,1,0,1,0,0,0,0,0,0,0,0,0
NCA42,6.965,0.02436161,159.6604,OUT045,7,1,0,0,1,0,0,0,1,0,0,1,0,0,0,0,1,0,0,0,0,0,0,0,1,0,0
FDB11,16,0.060942632,225.6404,OUT049,10,1,0,1,0,0,0,1,0,0,0,1,0,0,0,1,0,0,0,0,0,0,0,0,0,0,1
FDG26,18.85,0.042641788,257.833,OUT035,5,1,0,0,1,0,0,0,1,0,0,1,0,0,0,1,0,0,0,0,0,0,0,1,0,0,0
FDH24,20.7,0.021427082,156.5288,OUT035,5,1,0,0,1,0,0,0,1,0,0,1,0,0,0,1,0,0,0,0,0,0,0,1,0,0,0
FDX44,9.3,0.042930789,88.5172,OUT013,22,1,0,0,0,1,1,0,0,0,0,1,0,0,0,1,0,0,1,0,0,0,0,0,0,0,0
FDT52,9.695,0.047697859,244.6144,OUT017,2,0,1,0,1,0,0,0,1,0,0,1,0,0,0,1,0,0,0,1,0,0,0,0,0,0,0
FDT04,17.25,0.10764721,39.3822,OUT017,2,1,0,0,1,0,0,0,1,0,0,1,0,0,0,1,0,0,0,1,0,0,0,0,0,0,0
FDO58,19.6,0.039577173,166.1526,OUT046,12,1,0,1,0,0,0,0,1,0,0,1,0,0,0,1,0,0,0,0,0,0,0,0,0,1,0
FDR60,14.3,0.130415118,75.9328,OUT046,12,1,0,1,0,0,0,0,1,0,0,1,0,0,0,1,0,0,0,0,0,0,0,0,0,1,0
NCL54,12.6,0.082921642,175.2054,OUT045,7,1,0,0,1,0,0,0,1,0,0,1,0,0,0,0,1,0,0,0,0,0,0,0,1,0,0
FDW50,13.1,0.075515154,167.2158,OUT013,22,1,0,0,0,1,1,0,0,0,0,1,0,0,0,1,0,0,1,0,0,0,0,0,0,0,0
FDK43,9.8,0.046994717,125.802,OUT019,24,1,0,1,0,0,0,0,1,0,1,0,0,0,0,1,0,0,0,0,0,1,0,0,0,0,0
FDQ32,17.85,0.04679836,123.8388,OUT018,0,0,1,0,0,1,0,1,0,0,0,0,1,0,0,1,0,0,0,0,1,0,0,0,0,0,0
FDE29,8.905,0.143129124,58.8878,OUT046,12,1,0,1,0,0,0,0,1,0,0,1,0,0,0,1,0,0,0,0,0,0,0,0,0,1,0
NCN07,18.5,0.034013539,133.2284,OUT045,7,1,0,0,1,0,0,0,1,0,0,1,0,0,0,0,1,0,0,0,0,0,0,0,1,0,0
FDB37,20.25,0.022921735,240.7538,OUT013,22,0,1,0,0,1,1,0,0,0,0,1,0,0,0,1,0,0,1,0,0,0,0,0,0,0,0
FDD21,10.3,0.030616757,112.7176,OUT049,10,0,1,1,0,0,0,1,0,0,0,1,0,0,0,1,0,0,0,0,0,0,0,0,0,0,1
FDX16,17.85,0.06575528,151.505,OUT013,22,1,0,0,0,1,1,0,0,0,0,1,0,0,0,1,0,0,1,0,0,0,0,0,0,0,0
FDN46,7.21,0.144856342,100.5332,OUT049,10,0,1,1,0,0,0,1,0,0,0,1,0,0,0,1,0,0,0,0,0,0,0,0,0,0,1
FDV28,16.1,0.267352587,34.9558,OUT010,11,0,1,0,0,1,0,0,0,1,1,0,0,0,0,1,0,1,0,0,0,0,0,0,0,0,0
FDR48,11.65,0.130867413,150.8024,OUT027,24,1,0,0,0,1,0,1,0,0,0,0,0,1,0,1,0,0,0,0,0,0,1,0,0,0,0
FDW37,19.2,0.123449671,89.7488,OUT027,24,1,0,0,0,1,0,1,0,0,0,0,0,1,0,1,0,0,0,0,0,0,1,0,0,0,0
FDV40,17.35,0.014689006,74.5038,OUT035,5,1,0,0,1,0,0,0,1,0,0,1,0,0,0,1,0,0,0,0,0,0,0,1,0,0,0
FDZ57,10,0.037918142,129.6994,OUT018,0,0,1,0,0,1,0,1,0,0,0,0,1,0,0,1,0,0,0,0,1,0,0,0,0,0,0
FDY46,18.6,0.047964395,185.0898,OUT049,10,1,0,1,0,0,0,1,0,0,0,1,0,0,0,1,0,0,0,0,0,0,0,0,0,0,1
FDX45,16.75,0.105018817,155.263,OUT049,10,1,0,1,0,0,0,1,0,0,0,1,0,0,0,1,0,0,0,0,0,0,0,0,0,0,1
FDB33,17.75,0.014577412,160.7262,OUT035,5,1,0,0,1,0,0,0,1,0,0,1,0,0,0,1,0,0,0,0,0,0,0,1,0,0,0
FDT58,9,0.143870574,169.4816,OUT010,11,1,0,0,0,1,0,0,0,1,1,0,0,0,0,1,0,1,0,0,0,0,0,0,0,0,0
FDM39,6.42,0.053553794,178.6002,OUT049,10,1,0,1,0,0,0,1,0,0,0,1,0,0,0,1,0,0,0,0,0,0,0,0,0,0,1
NCY41,16.75,0.075889215,37.6532,OUT045,7,1,0,0,1,0,0,0,1,0,0,1,0,0,0,0,1,0,0,0,0,0,0,0,1,0,0
NCL31,7.39,0.120280989,142.747,OUT046,12,1,0,1,0,0,0,0,1,0,0,1,0,0,0,0,1,0,0,0,0,0,0,0,0,1,0
NCJ31,19.2,0.182653772,243.0196,OUT046,12,1,0,1,0,0,0,0,1,0,0,1,0,0,0,0,1,0,0,0,0,0,0,0,0,1,0
FDO23,17.85,0.25637539,94.8436,OUT019,24,1,0,1,0,0,0,0,1,0,1,0,0,0,0,1,0,0,0,0,0,1,0,0,0,0,0
FDN56,5.46,0.107036943,144.2786,OUT035,5,0,1,0,1,0,0,0,1,0,0,1,0,0,0,1,0,0,0,0,0,0,0,1,0,0,0
FDF04,17.5,0.013272107,258.3304,OUT013,22,1,0,0,0,1,1,0,0,0,0,1,0,0,0,1,0,0,1,0,0,0,0,0,0,0,0
FDJ44,12.3,0.106238768,176.1396,OUT013,22,0,1,0,0,1,1,0,0,0,0,1,0,0,0,1,0,0,1,0,0,0,0,0,0,0,0
FDS50,17,0.055545797,220.5114,OUT045,7,1,0,0,1,0,0,0,1,0,0,1,0,0,0,1,0,0,0,0,0,0,0,0,1,0,0
NCQ41,14.8,0.019386057,194.5794,OUT027,24,1,0,0,0,1,0,1,0,0,0,0,0,1,0,0,1,0,0,0,0,0,1,0,0,0,0
FDA49,19.7,0.064921764,88.1198,OUT046,12,1,0,1,0,0,0,0,1,0,0,1,0,0,0,1,0,0,0,0,0,0,0,0,0,1,0
NCZ06,19.6,0.094694278,254.9698,OUT017,2,1,0,0,1,0,0,0,1,0,0,1,0,0,0,0,1,0,0,1,0,0,0,0,0,0,0
NCM43,14.5,0.019554705,162.421,OUT018,0,1,0,0,0,1,0,1,0,0,0,0,1,0,0,0,1,0,0,0,1,0,0,0,0,0,0
FDH19,19.35,0.033060937,172.4738,OUT013,22,1,0,0,0,1,1,0,0,0,0,1,0,0,0,1,0,0,1,0,0,0,0,0,0,0,0
FDS15,9.195,0.078181964,106.7596,OUT049,10,0,1,1,0,0,0,1,0,0,0,1,0,0,0,1,0,0,0,0,0,0,0,0,0,0,1
FDO50,16.25,0.067299722,90.2804,OUT018,0,1,0,0,0,1,0,1,0,0,0,0,1,0,0,1,0,0,0,0,1,0,0,0,0,0,0
FDJ20,20.7,0.100583009,123.5388,OUT018,0,0,1,0,0,1,0,1,0,0,0,0,1,0,0,1,0,0,0,0,1,0,0,0,0,0,0
NCI31,20,0.136124989,38.319,OUT010,11,1,0,0,0,1,0,0,0,1,1,0,0,0,0,0,1,1,0,0,0,0,0,0,0,0,0
FDU20,19.35,0.021353642,122.1098,OUT027,24,0,1,0,0,1,0,1,0,0,0,0,0,1,0,1,0,0,0,0,0,0,1,0,0,0,0
DRK13,11.8,0.115167579,199.8084,OUT046,12,1,0,1,0,0,0,0,1,0,0,1,0,0,1,0,0,0,0,0,0,0,0,0,0,1,0
DRJ24,11.8,0.113559058,184.2924,OUT045,7,1,0,0,1,0,0,0,1,0,0,1,0,0,1,0,0,0,0,0,0,0,0,0,1,0,0
FDI20,19.1,0.038641968,212.1586,OUT045,7,1,0,0,1,0,0,0,1,0,0,1,0,0,0,1,0,0,0,0,0,0,0,0,1,0,0
FDF10,15.5,0.157246634,145.6418,OUT045,7,0,1,0,1,0,0,0,1,0,0,1,0,0,0,1,0,0,0,0,0,0,0,0,1,0,0
FDQ45,9.5,0.010917052,185.3608,OUT046,12,0,1,1,0,0,0,0,1,0,0,1,0,0,0,1,0,0,0,0,0,0,0,0,0,1,0
FDQ10,12.85,0.033172957,172.0422,OUT035,5,1,0,0,1,0,0,0,1,0,0,1,0,0,0,1,0,0,0,0,0,0,0,1,0,0,0
FDM36,11.65,0.058719726,171.1422,OUT035,5,0,1,0,1,0,0,0,1,0,0,1,0,0,0,1,0,0,0,0,0,0,0,1,0,0,0
FDN12,15.6,0.078194734,111.8544,OUT018,0,1,0,0,0,1,0,1,0,0,0,0,1,0,0,1,0,0,0,0,1,0,0,0,0,0,0
FDD50,18.85,0.141524348,168.4132,OUT013,22,1,0,0,0,1,1,0,0,0,0,1,0,0,0,1,0,0,1,0,0,0,0,0,0,0,0
FDG17,6.865,0.035895934,244.4486,OUT049,10,0,1,1,0,0,0,1,0,0,0,1,0,0,0,1,0,0,0,0,0,0,0,0,0,0,1
FDY58,11.65,0.039980644,227.3694,OUT049,10,1,0,1,0,0,0,1,0,0,0,1,0,0,0,1,0,0,0,0,0,0,0,0,0,0,1
NCK29,5.615,0.096667157,123.473,OUT019,24,1,0,1,0,0,0,0,1,0,1,0,0,0,0,0,1,0,0,0,0,1,0,0,0,0,0
FDM32,20.5,0.018332638,90.883,OUT010,11,1,0,0,0,1,0,0,0,1,1,0,0,0,0,1,0,1,0,0,0,0,0,0,0,0,0
FDL46,20.35,0.054056927,116.8466,OUT046,12,1,0,1,0,0,0,0,1,0,0,1,0,0,0,1,0,0,0,0,0,0,0,0,0,1,0
FDC51,10.895,0.009636821,121.873,OUT049,10,0,1,1,0,0,0,1,0,0,0,1,0,0,0,1,0,0,0,0,0,0,0,0,0,0,1
FDF16,7.3,0.086266286,147.2076,OUT049,10,1,0,1,0,0,0,1,0,0,0,1,0,0,0,1,0,0,0,0,0,0,0,0,0,0,1
NCV54,11.1,0.033081389,116.5124,OUT013,22,1,0,0,0,1,1,0,0,0,0,1,0,0,0,0,1,0,1,0,0,0,0,0,0,0,0
FDE35,7.06,0.043989429,60.2904,OUT045,7,0,1,0,1,0,0,0,1,0,0,1,0,0,0,1,0,0,0,0,0,0,0,0,1,0,0
FDA23,9.8,0.047178116,99.4016,OUT035,5,1,0,0,1,0,0,0,1,0,0,1,0,0,0,1,0,0,0,0,0,0,0,1,0,0,0
FDI46,9.5,0.074496043,251.9724,OUT045,7,1,0,0,1,0,0,0,1,0,0,1,0,0,0,1,0,0,0,0,0,0,0,0,1,0,0
FDZ21,17.6,0.039189221,97.341,OUT013,22,0,1,0,0,1,1,0,0,0,0,1,0,0,0,1,0,0,1,0,0,0,0,0,0,0,0
DRK13,11.8,0.115819014,198.3084,OUT017,2,1,0,0,1,0,0,0,1,0,0,1,0,0,1,0,0,0,0,1,0,0,0,0,0,0,0
FDX36,9.695,0.129008866,226.9404,OUT017,2,0,1,0,1,0,0,0,1,0,0,1,0,0,0,1,0,0,0,1,0,0,0,0,0,0,0
FDY22,16.5,0.160371305,143.9128,OUT018,0,0,1,0,0,1,0,1,0,0,0,0,1,0,0,1,0,0,0,0,1,0,0,0,0,0,0
FDR32,6.78,0.085392428,226.7694,OUT027,24,0,1,0,0,1,0,1,0,0,0,0,0,1,0,1,0,0,0,0,0,0,1,0,0,0,0
DRF25,9,0.038925251,34.919,OUT046,12,1,0,1,0,0,0,0,1,0,0,1,0,0,1,0,0,0,0,0,0,0,0,0,0,1,0
FDK20,12.6,0.041557653,124.5072,OUT046,12,0,1,1,0,0,0,0,1,0,0,1,0,0,0,1,0,0,0,0,0,0,0,0,0,1,0
DRI11,8.26,0.060237465,115.9834,OUT019,24,1,0,1,0,0,0,0,1,0,1,0,0,0,1,0,0,0,0,0,0,1,0,0,0,0,0
FDH05,14.35,0.091098018,233.5984,OUT045,7,0,1,0,1,0,0,0,1,0,0,1,0,0,0,1,0,0,0,0,0,0,0,0,1,0,0
FDA46,13.6,0.117874024,193.6136,OUT045,7,1,0,0,1,0,0,0,1,0,0,1,0,0,0,1,0,0,0,0,0,0,0,0,1,0,0
DRD24,13.85,0.030795085,143.3154,OUT046,12,1,0,1,0,0,0,0,1,0,0,1,0,0,1,0,0,0,0,0,0,0,0,0,0,1,0
FDL39,16.1,0.063689583,181.9318,OUT017,2,0,1,0,1,0,0,0,1,0,0,1,0,0,0,1,0,0,0,1,0,0,0,0,0,0,0
FDD52,18.25,0.184041545,110.157,OUT018,0,0,1,0,0,1,0,1,0,0,0,0,1,0,0,1,0,0,0,0,1,0,0,0,0,0,0
FDR55,12.15,0.13283066,190.6872,OUT017,2,0,1,0,1,0,0,0,1,0,0,1,0,0,0,1,0,0,0,1,0,0,0,0,0,0,0
DRI13,15.35,0.020441939,216.4508,OUT017,2,1,0,0,1,0,0,0,1,0,0,1,0,0,1,0,0,0,0,1,0,0,0,0,0,0,0
FDG31,12.15,0.037712875,64.4826,OUT027,24,1,0,0,0,1,0,1,0,0,0,0,0,1,0,1,0,0,0,0,0,0,1,0,0,0,0
FDP04,15.35,0.013840784,65.2168,OUT045,7,1,0,0,1,0,0,0,1,0,0,1,0,0,0,1,0,0,0,0,0,0,0,0,1,0,0
FDH35,18.25,0.060198496,162.9526,OUT013,22,1,0,0,0,1,1,0,0,0,0,1,0,0,0,1,0,0,1,0,0,0,0,0,0,0,0
NCB42,11.8,0.008559557,117.2492,OUT035,5,1,0,0,1,0,0,0,1,0,0,1,0,0,0,0,1,0,0,0,0,0,0,1,0,0,0
FDQ14,9.27,0.061883353,147.905,OUT049,10,1,0,1,0,0,0,1,0,0,0,1,0,0,0,1,0,0,0,0,0,0,0,0,0,0,1
FDI19,15.1,0.052085615,242.8512,OUT027,24,1,0,0,0,1,0,1,0,0,0,0,0,1,0,1,0,0,0,0,0,0,1,0,0,0,0
FDJ55,12.8,0.039385992,224.8404,OUT010,11,0,1,0,0,1,0,0,0,1,1,0,0,0,0,1,0,1,0,0,0,0,0,0,0,0,0
DRN59,15,0.064241345,45.206,OUT049,10,1,0,1,0,0,0,1,0,0,0,1,0,0,1,0,0,0,0,0,0,0,0,0,0,0,1
NCR06,12.5,0.006759519,42.8112,OUT013,22,1,0,0,0,1,1,0,0,0,0,1,0,0,0,0,1,0,1,0,0,0,0,0,0,0,0
NCF42,17.35,0.167243769,176.2712,OUT013,22,1,0,0,0,1,1,0,0,0,0,1,0,0,0,0,1,0,1,0,0,0,0,0,0,0,0
FDG24,7.975,0.01469075,84.725,OUT018,0,1,0,0,0,1,0,1,0,0,0,0,1,0,0,1,0,0,0,0,1,0,0,0,0,0,0
FDB58,10.5,0.013551445,142.0154,OUT018,0,0,1,0,0,1,0,1,0,0,0,0,1,0,0,1,0,0,0,0,1,0,0,0,0,0,0
FDQ56,6.59,0.105085956,82.3908,OUT027,24,1,0,0,0,1,0,1,0,0,0,0,0,1,0,1,0,0,0,0,0,0,1,0,0,0,0
NCV41,14.35,0.017038777,112.5228,OUT046,12,1,0,1,0,0,0,0,1,0,0,1,0,0,0,0,1,0,0,0,0,0,0,0,0,1,0
FDW19,12.35,0.038718195,110.657,OUT017,2,0,1,0,1,0,0,0,1,0,0,1,0,0,0,1,0,0,0,1,0,0,0,0,0,0,0
FDO56,10.195,0.075291577,119.1808,OUT010,11,0,1,0,0,1,0,0,0,1,1,0,0,0,0,1,0,1,0,0,0,0,0,0,0,0,0
FDI41,18.5,0.064934509,148.7418,OUT045,7,0,1,0,1,0,0,0,1,0,0,1,0,0,0,1,0,0,0,0,0,0,0,0,1,0,0
FDN10,11.5,0.044864349,119.5124,OUT018,0,1,0,0,0,1,0,1,0,0,0,0,1,0,0,1,0,0,0,0,1,0,0,0,0,0,0
FDY20,12.5,0.082085787,92.2488,OUT018,0,0,1,0,0,1,0,1,0,0,0,0,1,0,0,1,0,0,0,0,1,0,0,0,0,0,0
DRM37,15.35,0.095931002,198.5768,OUT027,24,1,0,0,0,1,0,1,0,0,0,0,0,1,1,0,0,0,0,0,0,0,1,0,0,0,0
FDV34,10.695,0.011448629,72.9038,OUT045,7,0,1,0,1,0,0,0,1,0,0,1,0,0,0,1,0,0,0,0,0,0,0,0,1,0,0
NCX18,14.15,0.00879232,195.011,OUT035,5,1,0,0,1,0,0,0,1,0,0,1,0,0,0,0,1,0,0,0,0,0,0,1,0,0,0
FDY10,17.6,0.049167388,114.9176,OUT045,7,1,0,0,1,0,0,0,1,0,0,1,0,0,0,1,0,0,0,0,0,0,0,0,1,0,0
NCZ17,12.15,0.079046992,39.8506,OUT027,24,1,0,0,0,1,0,1,0,0,0,0,0,1,0,0,1,0,0,0,0,0,1,0,0,0,0
FDT12,6.215,0.049580407,227.4062,OUT013,22,0,1,0,0,1,1,0,0,0,0,1,0,0,0,1,0,0,1,0,0,0,0,0,0,0,0
FDD57,18.1,0.022399592,96.0094,OUT046,12,1,0,1,0,0,0,0,1,0,0,1,0,0,0,1,0,0,0,0,0,0,0,0,0,1,0
FDK45,11.65,0.033926852,111.586,OUT045,7,1,0,0,1,0,0,0,1,0,0,1,0,0,0,1,0,0,0,0,0,0,0,0,1,0,0
FDJ57,7.42,0.021617397,185.0582,OUT045,7,0,1,0,1,0,0,0,1,0,0,1,0,0,0,1,0,0,0,0,0,0,0,0,1,0,0
NCI31,20,0.0814536,36.819,OUT049,10,1,0,1,0,0,0,1,0,0,0,1,0,0,0,0,1,0,0,0,0,0,0,0,0,0,1
FDZ48,17.75,0.07607772,112.4544,OUT049,10,1,0,1,0,0,0,1,0,0,0,1,0,0,0,1,0,0,0,0,0,0,0,0,0,0,1
FDI16,14,0.135775701,54.564,OUT046,12,0,1,1,0,0,0,0,1,0,0,1,0,0,0,1,0,0,0,0,0,0,0,0,0,1,0
FDZ31,15.35,0.099148486,193.0504,OUT049,10,0,1,1,0,0,0,1,0,0,0,1,0,0,0,1,0,0,0,0,0,0,0,0,0,0,1
DRG15,6.13,0.076891526,61.5536,OUT045,7,1,0,0,1,0,0,0,1,0,0,1,0,0,1,0,0,0,0,0,0,0,0,0,1,0,0
FDX36,9.695,0.128543405,226.5404,OUT045,7,0,1,0,1,0,0,0,1,0,0,1,0,0,0,1,0,0,0,0,0,0,0,0,1,0,0
FDD40,20.25,0.014793357,191.5162,OUT046,12,0,1,1,0,0,0,0,1,0,0,1,0,0,0,1,0,0,0,0,0,0,0,0,0,1,0
FDA04,11.3,0.066406853,259.7962,OUT027,24,0,1,0,0,1,0,1,0,0,0,0,0,1,0,1,0,0,0,0,0,0,1,0,0,0,0
FDL21,15.85,0.007140468,40.848,OUT013,22,0,1,0,0,1,1,0,0,0,0,1,0,0,0,1,0,0,1,0,0,0,0,0,0,0,0
FDS21,19.85,0.020858779,62.8194,OUT013,22,0,1,0,0,1,1,0,0,0,0,1,0,0,0,1,0,0,1,0,0,0,0,0,0,0,0
DRF23,4.61,0.123346085,172.5396,OUT017,2,1,0,0,1,0,0,0,1,0,0,1,0,0,1,0,0,0,0,1,0,0,0,0,0,0,0
FDM46,7.365,0.159937597,93.912,OUT035,5,1,0,0,1,0,0,0,1,0,0,1,0,0,0,1,0,0,0,0,0,0,0,1,0,0,0
DRG49,7.81,0.067128641,242.8486,OUT027,24,1,0,0,0,1,0,1,0,0,0,0,0,1,1,0,0,0,0,0,0,0,1,0,0,0,0
FDG26,18.85,0.042736348,255.933,OUT045,7,1,0,0,1,0,0,0,1,0,0,1,0,0,0,1,0,0,0,0,0,0,0,0,1,0,0
FDR51,9.035,0.172629683,148.4708,OUT027,24,0,1,0,0,1,0,1,0,0,0,0,0,1,0,1,0,0,0,0,0,0,1,0,0,0,0
FDV39,11.3,0.007278512,196.7426,OUT035,5,1,0,0,1,0,0,0,1,0,0,1,0,0,0,1,0,0,0,0,0,0,0,1,0,0,0
FDC39,7.405,0.119401302,205.7296,OUT017,2,1,0,0,1,0,0,0,1,0,0,1,0,0,0,1,0,0,0,1,0,0,0,0,0,0,0
FDP45,15.7,0.03079807,252.9724,OUT017,2,0,1,0,1,0,0,0,1,0,0,1,0,0,0,1,0,0,0,1,0,0,0,0,0,0,0
FDC56,7.72,0.12152072,118.244,OUT046,12,1,0,1,0,0,0,0,1,0,0,1,0,0,0,1,0,0,0,0,0,0,0,0,0,1,0
FDK38,6.65,0.053591345,149.7734,OUT017,2,1,0,0,1,0,0,0,1,0,0,1,0,0,0,1,0,0,0,1,0,0,0,0,0,0,0
NCJ29,10.6,0.035163639,84.4224,OUT013,22,1,0,0,0,1,1,0,0,0,0,1,0,0,0,0,1,0,1,0,0,0,0,0,0,0,0
NCF19,13,0.061470858,48.6034,OUT019,24,1,0,1,0,0,0,0,1,0,1,0,0,0,0,0,1,0,0,0,0,1,0,0,0,0,0
FDG59,15.85,0.043226398,37.5164,OUT035,5,1,0,0,1,0,0,0,1,0,0,1,0,0,0,1,0,0,0,0,0,0,0,1,0,0,0
FDE59,12.15,0.062640143,36.6532,OUT017,2,1,0,0,1,0,0,0,1,0,0,1,0,0,0,1,0,0,0,1,0,0,0,0,0,0,0
FDB04,11.35,0.06358394,89.4856,OUT017,2,0,1,0,1,0,0,0,1,0,0,1,0,0,0,1,0,0,0,1,0,0,0,0,0,0,0
NCK05,20.1,0.077389797,60.8536,OUT013,22,1,0,0,0,1,1,0,0,0,0,1,0,0,0,0,1,0,1,0,0,0,0,0,0,0,0
FDR03,15.7,0.00878535,204.998,OUT017,2,0,1,0,1,0,0,0,1,0,0,1,0,0,0,1,0,0,0,1,0,0,0,0,0,0,0
FDQ03,15,0.136592891,238.0248,OUT019,24,0,1,1,0,0,0,0,1,0,1,0,0,0,0,1,0,0,0,0,0,1,0,0,0,0,0
FDC59,16.7,0.054937907,64.2168,OUT017,2,0,1,0,1,0,0,0,1,0,0,1,0,0,0,1,0,0,0,1,0,0,0,0,0,0,0
DRB13,6.115,0.007084185,191.153,OUT017,2,0,1,0,1,0,0,0,1,0,0,1,0,0,1,0,0,0,0,1,0,0,0,0,0,0,0
NCE54,20.7,0.027052013,73.9354,OUT017,2,1,0,0,1,0,0,0,1,0,0,1,0,0,0,0,1,0,0,1,0,0,0,0,0,0,0
FDC10,9.8,0.072863893,118.6098,OUT035,5,0,1,0,1,0,0,0,1,0,0,1,0,0,0,1,0,0,0,0,0,0,0,1,0,0,0
FDR46,16.85,0.244102315,148.076,OUT019,24,1,0,1,0,0,0,0,1,0,1,0,0,0,0,1,0,0,0,0,0,1,0,0,0,0,0
FDA10,20.35,0.141789197,121.9072,OUT035,5,1,0,0,1,0,0,0,1,0,0,1,0,0,0,1,0,0,0,0,0,0,0,1,0,0,0
FDP23,6.71,0.035414528,218.2166,OUT027,24,1,0,0,0,1,0,1,0,0,0,0,0,1,0,1,0,0,0,0,0,0,1,0,0,0,0
FDJ41,6.85,0.022864238,260.0594,OUT013,22,1,0,0,0,1,1,0,0,0,0,1,0,0,0,1,0,0,1,0,0,0,0,0,0,0,0
FDL46,20.35,0.054011943,116.5466,OUT013,22,1,0,0,0,1,1,0,0,0,0,1,0,0,0,1,0,0,1,0,0,0,0,0,0,0,0
FDX33,9.195,0.117462619,158.9578,OUT035,5,0,1,0,1,0,0,0,1,0,0,1,0,0,0,1,0,0,0,0,0,0,0,1,0,0,0
NCL29,9.695,0.11411658,158.8604,OUT049,10,1,0,1,0,0,0,1,0,0,0,1,0,0,0,0,1,0,0,0,0,0,0,0,0,0,1
FDE16,8.895,0.046124444,206.7954,OUT019,24,1,0,1,0,0,0,0,1,0,1,0,0,0,0,1,0,0,0,0,0,1,0,0,0,0,0
FDM57,11.65,0.075849167,85.1908,OUT046,12,0,1,1,0,0,0,0,1,0,0,1,0,0,0,1,0,0,0,0,0,0,0,0,0,1,0
FDZ36,6.035,0.065729039,188.324,OUT013,22,0,1,0,0,1,1,0,0,0,0,1,0,0,0,1,0,0,1,0,0,0,0,0,0,0,0
NCW42,18.2,0.097865088,221.8456,OUT010,11,1,0,0,0,1,0,0,0,1,1,0,0,0,0,0,1,1,0,0,0,0,0,0,0,0,0
NCI54,15.2,0.058827583,110.4912,OUT019,24,1,0,1,0,0,0,0,1,0,1,0,0,0,0,0,1,0,0,0,0,1,0,0,0,0,0
DRK01,7.63,0.061313057,93.3436,OUT018,0,1,0,0,0,1,0,1,0,0,0,0,1,0,1,0,0,0,0,0,1,0,0,0,0,0,0
FDX10,6.385,0.123961415,33.2874,OUT045,7,0,1,0,1,0,0,0,1,0,0,1,0,0,0,1,0,0,0,0,0,0,0,0,1,0,0
FDO46,9.6,0.014270394,187.3872,OUT018,0,0,1,0,0,1,0,1,0,0,0,0,1,0,0,1,0,0,0,0,1,0,0,0,0,0,0
FDD16,20.5,0.060847634,75.0696,OUT010,11,1,0,0,0,1,0,0,0,1,1,0,0,0,0,1,0,1,0,0,0,0,0,0,0,0,0
FDZ20,16.1,0.03580603,253.0356,OUT027,24,1,0,0,0,1,0,1,0,0,0,0,0,1,0,1,0,0,0,0,0,0,1,0,0,0,0
NCI18,18.35,0.014103354,225.4746,OUT017,2,1,0,0,1,0,0,0,1,0,0,1,0,0,0,0,1,0,0,1,0,0,0,0,0,0,0
DRI25,19.6,0.033901442,56.2614,OUT046,12,1,0,1,0,0,0,0,1,0,0,1,0,0,1,0,0,0,0,0,0,0,0,0,0,1,0
FDY44,14.15,0.024454052,197.211,OUT045,7,0,1,0,1,0,0,0,1,0,0,1,0,0,0,1,0,0,0,0,0,0,0,0,1,0,0
FDW38,5.325,0.10653765,55.9298,OUT019,24,0,1,1,0,0,0,0,1,0,1,0,0,0,0,1,0,0,0,0,0,1,0,0,0,0,0
FDY33,14.5,0.096730427,159.0262,OUT027,24,0,1,0,0,1,0,1,0,0,0,0,0,1,0,1,0,0,0,0,0,0,1,0,0,0,0
DRH51,17.6,0.097198194,89.8856,OUT035,5,1,0,0,1,0,0,0,1,0,0,1,0,0,1,0,0,0,0,0,0,0,0,1,0,0,0
FDT32,19,0.066005186,188.4214,OUT017,2,0,1,0,1,0,0,0,1,0,0,1,0,0,0,1,0,0,0,1,0,0,0,0,0,0,0
FDI50,8.42,0.030890618,228.7352,OUT049,10,0,1,1,0,0,0,1,0,0,0,1,0,0,0,1,0,0,0,0,0,0,0,0,0,0,1
FDB60,9.3,0.028498354,195.8136,OUT013,22,1,0,0,0,1,1,0,0,0,0,1,0,0,0,1,0,0,1,0,0,0,0,0,0,0,0
FDP09,19.75,0.033883448,213.2902,OUT035,5,1,0,0,1,0,0,0,1,0,0,1,0,0,0,1,0,0,0,0,0,0,0,1,0,0,0
FDA20,6.78,0.066565644,185.324,OUT013,22,1,0,0,0,1,1,0,0,0,0,1,0,0,0,1,0,0,1,0,0,0,0,0,0,0,0
NCX05,15.2,0.169943195,116.2492,OUT019,24,1,0,1,0,0,0,0,1,0,1,0,0,0,0,0,1,0,0,0,0,1,0,0,0,0,0
DRF37,17.25,0.065642847,263.591,OUT045,7,1,0,0,1,0,0,0,1,0,0,1,0,0,1,0,0,0,0,0,0,0,0,0,1,0,0
FDJ26,15.3,0.084765192,215.0218,OUT046,12,0,1,1,0,0,0,0,1,0,0,1,0,0,0,1,0,0,0,0,0,0,0,0,0,1,0
FDZ25,15.7,0.027617046,168.279,OUT046,12,0,1,1,0,0,0,0,1,0,0,1,0,0,0,1,0,0,0,0,0,0,0,0,0,1,0
FDZ58,17.85,0.052166995,121.7072,OUT035,5,1,0,0,1,0,0,0,1,0,0,1,0,0,0,1,0,0,0,0,0,0,0,1,0,0,0
FDZ50,12.8,0.08253163,184.2608,OUT027,24,0,1,0,0,1,0,1,0,0,0,0,0,1,0,1,0,0,0,0,0,0,1,0,0,0,0
NCG18,15.3,0.038460297,104.0332,OUT010,11,1,0,0,0,1,0,0,0,1,1,0,0,0,0,0,1,1,0,0,0,0,0,0,0,0,0
FDZ56,16.25,0.025789175,166.9474,OUT045,7,1,0,0,1,0,0,0,1,0,0,1,0,0,0,1,0,0,0,0,0,0,0,0,1,0,0
FDH50,15,0.161301097,185.1266,OUT013,22,0,1,0,0,1,1,0,0,0,0,1,0,0,0,1,0,0,1,0,0,0,0,0,0,0,0
DRO35,13.85,0.034640466,116.1492,OUT045,7,1,0,0,1,0,0,0,1,0,0,1,0,0,1,0,0,0,0,0,0,0,0,0,1,0,0
DRH51,17.6,0.094658294,89.1856,OUT027,24,1,0,0,0,1,0,1,0,0,0,0,0,1,1,0,0,0,0,0,0,0,1,0,0,0,0
FDS19,13.8,0.064307102,77.3012,OUT049,10,0,1,1,0,0,0,1,0,0,0,1,0,0,0,1,0,0,0,0,0,0,0,0,0,0,1
NCM06,7.475,0.076036381,153.9656,OUT018,0,1,0,0,0,1,0,1,0,0,0,0,1,0,0,0,1,0,0,0,1,0,0,0,0,0,0
FDP52,18.7,0.071091591,228.601,OUT017,2,0,1,0,1,0,0,0,1,0,0,1,0,0,0,1,0,0,0,1,0,0,0,0,0,0,0
FDK02,12.5,0.187841082,119.244,OUT010,11,1,0,0,0,1,0,0,0,1,1,0,0,0,0,1,0,1,0,0,0,0,0,0,0,0,0
FDG59,15.85,0.043234574,38.3164,OUT046,12,1,0,1,0,0,0,0,1,0,0,1,0,0,0,1,0,0,0,0,0,0,0,0,0,1,0
FDN20,19.35,0.026055106,169.5474,OUT027,24,1,0,0,0,1,0,1,0,0,0,0,0,1,0,1,0,0,0,0,0,0,1,0,0,0,0
FDO57,20.75,0.109153001,161.3578,OUT018,0,1,0,0,0,1,0,1,0,0,0,0,1,0,0,1,0,0,0,0,1,0,0,0,0,0,0
NCJ30,5.82,0.08062523,168.379,OUT035,5,1,0,0,1,0,0,0,1,0,0,1,0,0,0,0,1,0,0,0,0,0,0,1,0,0,0
FDQ31,5.785,0.0901292,89.8856,OUT010,11,0,1,0,0,1,0,0,0,1,1,0,0,0,0,1,0,1,0,0,0,0,0,0,0,0,0
FDC05,13.1,0.098938169,195.7768,OUT049,10,0,1,1,0,0,0,1,0,0,0,1,0,0,0,1,0,0,0,0,0,0,0,0,0,0,1
FDM08,10.1,0.051691352,225.1088,OUT013,22,0,1,0,0,1,1,0,0,0,0,1,0,0,0,1,0,0,1,0,0,0,0,0,0,0,0
NCA41,16.75,0.032580547,192.1162,OUT035,5,1,0,0,1,0,0,0,1,0,0,1,0,0,0,0,1,0,0,0,0,0,0,1,0,0,0
FDK15,10.8,0.097937252,98.9042,OUT027,24,1,0,0,0,1,0,1,0,0,0,0,0,1,0,1,0,0,0,0,0,0,1,0,0,0,0
FDX56,17.1,0.072057935,208.5638,OUT049,10,0,1,1,0,0,0,1,0,0,0,1,0,0,0,1,0,0,0,0,0,0,0,0,0,0,1
FDT21,7.42,0.020391845,248.9092,OUT046,12,1,0,1,0,0,0,0,1,0,0,1,0,0,0,1,0,0,0,0,0,0,0,0,0,1,0
FDQ46,7.51,0.103813029,113.7544,OUT046,12,1,0,1,0,0,0,0,1,0,0,1,0,0,0,1,0,0,0,0,0,0,0,0,0,1,0
FDS01,11.6,0.031069203,179.6686,OUT019,24,1,0,1,0,0,0,0,1,0,1,0,0,0,0,1,0,0,0,0,0,1,0,0,0,0,0
FDW34,9.6,0.062294473,242.417,OUT019,24,1,0,1,0,0,0,0,1,0,1,0,0,0,0,1,0,0,0,0,0,1,0,0,0,0,0
FDX07,19.2,0.022914478,181.195,OUT035,5,0,1,0,1,0,0,0,1,0,0,1,0,0,0,1,0,0,0,0,0,0,0,1,0,0,0
FDN13,18.6,0.152058281,99.9358,OUT046,12,1,0,1,0,0,0,0,1,0,0,1,0,0,0,1,0,0,0,0,0,0,0,0,0,1,0
NCP02,7.105,0.044991294,59.2562,OUT018,0,1,0,0,0,1,0,1,0,0,0,0,1,0,0,0,1,0,0,0,1,0,0,0,0,0,0
FDT48,4.92,0.046214971,199.8084,OUT017,2,1,0,0,1,0,0,0,1,0,0,1,0,0,0,1,0,0,0,1,0,0,0,0,0,0,0
FDZ49,11,0.13312044,221.5798,OUT035,5,0,1,0,1,0,0,0,1,0,0,1,0,0,0,1,0,0,0,0,0,0,0,1,0,0,0
NCJ17,7.68,0.255348289,84.4224,OUT010,11,1,0,0,0,1,0,0,0,1,1,0,0,0,0,0,1,1,0,0,0,0,0,0,0,0,0
FDB17,13.15,0.036879539,181.3976,OUT017,2,1,0,0,1,0,0,0,1,0,0,1,0,0,0,1,0,0,0,1,0,0,0,0,0,0,0
FDP48,7.52,0.044202545,182.995,OUT018,0,0,1,0,0,1,0,1,0,0,0,0,1,0,0,1,0,0,0,0,1,0,0,0,0,0,0
FDI53,8.895,0.137858955,162.1236,OUT049,10,0,1,1,0,0,0,1,0,0,0,1,0,0,0,1,0,0,0,0,0,0,0,0,0,0,1
FDW02,4.805,0.037668051,126.7704,OUT013,22,0,1,0,0,1,1,0,0,0,0,1,0,0,0,1,0,0,1,0,0,0,0,0,0,0,0
FDL20,17.1,0.224837308,112.7886,OUT019,24,1,0,1,0,0,0,0,1,0,1,0,0,0,0,1,0,0,0,0,0,1,0,0,0,0,0
FDV32,7.785,0.089069748,62.751,OUT018,0,1,0,0,0,1,0,1,0,0,0,0,1,0,0,1,0,0,0,0,1,0,0,0,0,0,0
FDG38,8.975,0.053027398,86.0224,OUT017,2,0,1,0,1,0,0,0,1,0,0,1,0,0,0,1,0,0,0,1,0,0,0,0,0,0,0
NCB31,6.235,0.118099673,262.891,OUT027,24,1,0,0,0,1,0,1,0,0,0,0,0,1,0,0,1,0,0,0,0,0,1,0,0,0,0
FDF52,9.3,0.069631322,182.9292,OUT017,2,1,0,0,1,0,0,0,1,0,0,1,0,0,0,1,0,0,0,1,0,0,0,0,0,0,0
FDB15,10.895,0.137023446,263.7568,OUT049,10,1,0,1,0,0,0,1,0,0,0,1,0,0,0,1,0,0,0,0,0,0,0,0,0,0,1
FDO48,15,0.026950104,220.9456,OUT018,0,0,1,0,0,1,0,1,0,0,0,0,1,0,0,1,0,0,0,0,1,0,0,0,0,0,0
NCR53,12.15,0.151249207,224.4404,OUT018,0,1,0,0,0,1,0,1,0,0,0,0,1,0,0,0,1,0,0,0,1,0,0,0,0,0,0
FDF56,16.7,0.119362812,180.3976,OUT013,22,0,1,0,0,1,1,0,0,0,0,1,0,0,0,1,0,0,1,0,0,0,0,0,0,0,0
FDL57,15.1,0.067350054,257.3304,OUT018,0,0,1,0,0,1,0,1,0,0,0,0,1,0,0,1,0,0,0,0,1,0,0,0,0,0,0
NCC31,8.02,0.020730748,157.7972,OUT013,22,1,0,0,0,1,1,0,0,0,0,1,0,0,0,0,1,0,1,0,0,0,0,0,0,0,0
FDE33,19.35,0.049712775,78.2644,OUT049,10,0,1,1,0,0,0,1,0,0,0,1,0,0,0,1,0,0,0,0,0,0,0,0,0,0,1
FDV52,20.7,0.122208091,119.7466,OUT017,2,0,1,0,1,0,0,0,1,0,0,1,0,0,0,1,0,0,0,1,0,0,0,0,0,0,0
FDR46,16.85,0.138742518,147.476,OUT027,24,1,0,0,0,1,0,1,0,0,0,0,0,1,0,1,0,0,0,0,0,0,1,0,0,0,0
DRE12,4.59,0.070780558,114.586,OUT046,12,1,0,1,0,0,0,0,1,0,0,1,0,0,1,0,0,0,0,0,0,0,0,0,0,1,0
FDD57,18.1,0.037492325,95.5094,OUT010,11,1,0,0,0,1,0,0,0,1,1,0,0,0,0,1,0,1,0,0,0,0,0,0,0,0,0
NCS41,12.85,0.053527105,185.1608,OUT049,10,1,0,1,0,0,0,1,0,0,0,1,0,0,0,0,1,0,0,0,0,0,0,0,0,0,1
NCY41,16.75,0.076164013,34.0532,OUT017,2,1,0,0,1,0,0,0,1,0,0,1,0,0,0,0,1,0,0,1,0,0,0,0,0,0,0
FDV22,14.85,0.009995002,154.463,OUT017,2,0,1,0,1,0,0,0,1,0,0,1,0,0,0,1,0,0,0,1,0,0,0,0,0,0,0
FDF12,8.235,0.08259502,149.1076,OUT045,7,1,0,0,1,0,0,0,1,0,0,1,0,0,0,1,0,0,0,0,0,0,0,0,1,0,0
FDM13,6.425,0.063122753,131.3626,OUT013,22,1,0,0,0,1,1,0,0,0,0,1,0,0,0,1,0,0,1,0,0,0,0,0,0,0,0
FDQ56,6.59,0.105597316,83.4908,OUT046,12,1,0,1,0,0,0,0,1,0,0,1,0,0,0,1,0,0,0,0,0,0,0,0,0,1,0
FDW55,12.6,0.021863506,247.0092,OUT027,24,0,1,0,0,1,0,1,0,0,0,0,0,1,0,1,0,0,0,0,0,0,1,0,0,0,0
NCT29,12.6,0.063800266,123.0414,OUT027,24,1,0,0,0,1,0,1,0,0,0,0,0,1,0,0,1,0,0,0,0,0,1,0,0,0,0
NCX42,6.36,0.006012413,163.0526,OUT017,2,1,0,0,1,0,0,0,1,0,0,1,0,0,0,0,1,0,0,1,0,0,0,0,0,0,0
FDR24,17.35,0.063207198,89.383,OUT017,2,0,1,0,1,0,0,0,1,0,0,1,0,0,0,1,0,0,0,1,0,0,0,0,0,0,0
NCS42,8.6,0.069809115,90.5146,OUT017,2,1,0,0,1,0,0,0,1,0,0,1,0,0,0,0,1,0,0,1,0,0,0,0,0,0,0
FDL40,17.7,0.011660463,96.541,OUT018,0,1,0,0,0,1,0,1,0,0,0,0,1,0,0,1,0,0,0,0,1,0,0,0,0,0,0
FDD47,7.6,0.142410775,171.9448,OUT046,12,0,1,1,0,0,0,0,1,0,0,1,0,0,0,1,0,0,0,0,0,0,0,0,0,1,0
DRE03,19.6,0.024226902,48.7718,OUT046,12,1,0,1,0,0,0,0,1,0,0,1,0,0,1,0,0,0,0,0,0,0,0,0,0,1,0
NCM18,13,0.082440705,61.3194,OUT027,24,1,0,0,0,1,0,1,0,0,0,0,0,1,0,0,1,0,0,0,0,0,1,0,0,0,0
FDF52,9.3,0.066918731,184.2292,OUT045,7,1,0,0,1,0,0,0,1,0,0,1,0,0,0,1,0,0,0,0,0,0,0,0,1,0,0
NCG43,20.2,0.074390007,91.4462,OUT045,7,1,0,0,1,0,0,0,1,0,0,1,0,0,0,0,1,0,0,0,0,0,0,0,1,0,0
FDE20,11.35,0.005530516,171.179,OUT046,12,0,1,1,0,0,0,0,1,0,0,1,0,0,0,1,0,0,0,0,0,0,0,0,0,1,0
FDI33,16.5,0.028579565,90.3146,OUT017,2,1,0,0,1,0,0,0,1,0,0,1,0,0,0,1,0,0,0,1,0,0,0,0,0,0,0
NCT06,17.1,0.038705317,165.0842,OUT013,22,1,0,0,0,1,1,0,0,0,0,1,0,0,0,0,1,0,1,0,0,0,0,0,0,0,0
FDY24,4.88,0.125887776,53.1298,OUT035,5,0,1,0,1,0,0,0,1,0,0,1,0,0,0,1,0,0,0,0,0,0,0,1,0,0,0
FDZ33,10.195,0.108004532,148.7076,OUT017,2,1,0,0,1,0,0,0,1,0,0,1,0,0,0,1,0,0,0,1,0,0,0,0,0,0,0
FDJ55,12.8,0.023626808,223.2404,OUT018,0,0,1,0,0,1,0,1,0,0,0,0,1,0,0,1,0,0,0,0,1,0,0,0,0,0,0
FDE45,12.1,0.070660449,180.4002,OUT019,24,1,0,1,0,0,0,0,1,0,1,0,0,0,0,1,0,0,0,0,0,1,0,0,0,0,0
FDD44,8.05,0.078719835,258.5646,OUT018,0,0,1,0,0,1,0,1,0,0,0,0,1,0,0,1,0,0,0,0,1,0,0,0,0,0,0
FDD10,20.6,0.046208155,178.0344,OUT018,0,0,1,0,0,1,0,1,0,0,0,0,1,0,0,1,0,0,0,0,1,0,0,0,0,0,0
FDA39,6.32,0.012769753,39.9822,OUT018,0,1,0,0,0,1,0,1,0,0,0,0,1,0,0,1,0,0,0,0,1,0,0,0,0,0,0
FDB36,5.465,0.048486801,131.2626,OUT013,22,0,1,0,0,1,1,0,0,0,0,1,0,0,0,1,0,0,1,0,0,0,0,0,0,0,0
FDK52,18.25,0.132596101,226.2062,OUT010,11,1,0,0,0,1,0,0,0,1,1,0,0,0,0,1,0,1,0,0,0,0,0,0,0,0,0
FDJ36,14.5,0.128459481,102.0332,OUT049,10,0,1,1,0,0,0,1,0,0,0,1,0,0,0,1,0,0,0,0,0,0,0,0,0,0,1
NCB55,15.7,0.161317495,57.5562,OUT018,0,1,0,0,0,1,0,1,0,0,0,0,1,0,0,0,1,0,0,0,1,0,0,0,0,0,0
NCK18,9.6,0.011211251,166.9184,OUT010,11,1,0,0,0,1,0,0,0,1,1,0,0,0,0,0,1,1,0,0,0,0,0,0,0,0,0
FDX27,20.7,0.114294512,94.9436,OUT049,10,0,1,1,0,0,0,1,0,0,0,1,0,0,0,1,0,0,0,0,0,0,0,0,0,0,1
FDB08,6.055,0.031103357,159.9578,OUT046,12,1,0,1,0,0,0,0,1,0,0,1,0,0,0,1,0,0,0,0,0,0,0,0,0,1,0
FDX43,5.655,0.085274988,165.05,OUT046,12,1,0,1,0,0,0,0,1,0,0,1,0,0,0,1,0,0,0,0,0,0,0,0,0,1,0
FDA20,6.78,0.066892471,186.424,OUT018,0,1,0,0,0,1,0,1,0,0,0,0,1,0,0,1,0,0,0,0,1,0,0,0,0,0,0
FDC04,15.6,0.078764059,241.3854,OUT019,24,1,0,1,0,0,0,0,1,0,1,0,0,0,0,1,0,0,0,0,0,1,0,0,0,0,0
FDG17,6.865,0.036042939,244.4486,OUT017,2,0,1,0,1,0,0,0,1,0,0,1,0,0,0,1,0,0,0,1,0,0,0,0,0,0,0
FDU58,6.61,0.04855968,188.4898,OUT010,11,0,1,0,0,1,0,0,0,1,1,0,0,0,0,1,0,1,0,0,0,0,0,0,0,0,0
FDP24,20.6,0.082602127,120.9756,OUT027,24,1,0,0,0,1,0,1,0,0,0,0,0,1,0,1,0,0,0,0,0,0,1,0,0,0,0
NCT29,12.6,0.064240743,121.9414,OUT045,7,1,0,0,1,0,0,0,1,0,0,1,0,0,0,0,1,0,0,0,0,0,0,0,1,0,0
FDB08,6.055,0.031230059,160.3578,OUT018,0,1,0,0,0,1,0,1,0,0,0,0,1,0,0,1,0,0,0,0,1,0,0,0,0,0,0
NCB43,20.2,0.100114941,188.3898,OUT045,7,1,0,0,1,0,0,0,1,0,0,1,0,0,0,0,1,0,0,0,0,0,0,0,1,0,0
FDL09,19.6,0.22417463,168.8816,OUT019,24,0,1,1,0,0,0,0,1,0,1,0,0,0,0,1,0,0,0,0,0,1,0,0,0,0,0
DRK49,14.15,0.035943717,40.5138,OUT046,12,1,0,1,0,0,0,0,1,0,0,1,0,0,1,0,0,0,0,0,0,0,0,0,0,1,0
FDR37,16.5,0.06619442,184.4292,OUT013,22,0,1,0,0,1,1,0,0,0,0,1,0,0,0,1,0,0,1,0,0,0,0,0,0,0,0
FDG56,13.3,0.071439051,61.0536,OUT035,5,0,1,0,1,0,0,0,1,0,0,1,0,0,0,1,0,0,0,0,0,0,0,1,0,0,0
FDE34,9.195,0.108059141,181.7634,OUT049,10,1,0,1,0,0,0,1,0,0,0,1,0,0,0,1,0,0,0,0,0,0,0,0,0,0,1
FDE16,8.895,0.026216144,207.5954,OUT027,24,1,0,0,0,1,0,1,0,0,0,0,0,1,0,1,0,0,0,0,0,0,1,0,0,0,0
FDT58,9,0.085938463,168.6816,OUT035,5,1,0,0,1,0,0,0,1,0,0,1,0,0,0,1,0,0,0,0,0,0,0,1,0,0,0
FDR03,15.7,0.008734284,207.898,OUT035,5,0,1,0,1,0,0,0,1,0,0,1,0,0,0,1,0,0,0,0,0,0,0,1,0,0,0
NCL30,18.1,0.049016517,128.7336,OUT049,10,1,0,1,0,0,0,1,0,0,0,1,0,0,0,0,1,0,0,0,0,0,0,0,0,0,1
FDT22,10.395,0.111554381,59.822,OUT027,24,1,0,0,0,1,0,1,0,0,0,0,0,1,0,1,0,0,0,0,0,0,1,0,0,0,0
FDP45,15.7,0.030672457,253.1724,OUT049,10,0,1,1,0,0,0,1,0,0,0,1,0,0,0,1,0,0,0,0,0,0,0,0,0,0,1
FDS15,9.195,0.077995641,107.1596,OUT013,22,0,1,0,0,1,1,0,0,0,0,1,0,0,0,1,0,0,1,0,0,0,0,0,0,0,0
FDF16,7.3,0.085715273,146.6076,OUT027,24,1,0,0,0,1,0,1,0,0,0,0,0,1,0,1,0,0,0,0,0,0,1,0,0,0,0
FDL13,13.85,0.056432784,234.93,OUT045,7,0,1,0,1,0,0,0,1,0,0,1,0,0,0,1,0,0,0,0,0,0,0,0,1,0,0
NCV30,20.2,0.066200667,61.451,OUT018,0,1,0,0,0,1,0,1,0,0,0,0,1,0,0,0,1,0,0,0,1,0,0,0,0,0,0
FDG33,5.365,0.245542627,172.2764,OUT019,24,0,1,1,0,0,0,0,1,0,1,0,0,0,0,1,0,0,0,0,0,1,0,0,0,0,0
FDO10,13.65,0.0127517,55.5588,OUT046,12,0,1,1,0,0,0,0,1,0,0,1,0,0,0,1,0,0,0,0,0,0,0,0,0,1,0
FDQ03,15,0.077949334,238.7248,OUT013,22,0,1,0,0,1,1,0,0,0,0,1,0,0,0,1,0,0,1,0,0,0,0,0,0,0,0
NCC55,10.695,0.064022881,36.0848,OUT018,0,1,0,0,0,1,0,1,0,0,0,0,1,0,0,0,1,0,0,0,1,0,0,0,0,0,0
FDD52,18.25,0.182407266,109.157,OUT027,24,0,1,0,0,1,0,1,0,0,0,0,0,1,0,1,0,0,0,0,0,0,1,0,0,0,0
FDI16,14,0.136328794,54.864,OUT018,0,0,1,0,0,1,0,1,0,0,0,0,1,0,0,1,0,0,0,0,1,0,0,0,0,0,0
FDB44,6.655,0.016958832,210.0586,OUT046,12,1,0,1,0,0,0,0,1,0,0,1,0,0,0,1,0,0,0,0,0,0,0,0,0,1,0
FDA25,16.5,0.068125756,101.199,OUT046,12,0,1,1,0,0,0,0,1,0,0,1,0,0,0,1,0,0,0,0,0,0,0,0,0,1,0
FDV33,9.6,0.02734361,257.8304,OUT046,12,0,1,1,0,0,0,0,1,0,0,1,0,0,0,1,0,0,0,0,0,0,0,0,0,1,0
FDX47,6.55,0.034658144,155.8288,OUT049,10,0,1,1,0,0,0,1,0,0,0,1,0,0,0,1,0,0,0,0,0,0,0,0,0,0,1
FDO50,16.25,0.067299722,89.8804,OUT017,2,1,0,0,1,0,0,0,1,0,0,1,0,0,0,1,0,0,0,1,0,0,0,0,0,0,0
FDV57,15.25,0.065841719,179.866,OUT013,22,0,1,0,0,1,1,0,0,0,0,1,0,0,0,1,0,0,1,0,0,0,0,0,0,0,0
FDB02,9.695,0.029158763,174.537,OUT035,5,0,1,0,1,0,0,0,1,0,0,1,0,0,0,1,0,0,0,0,0,0,0,1,0,0,0
FDD16,20.5,0.063649582,74.7696,OUT019,24,1,0,1,0,0,0,0,1,0,1,0,0,0,0,1,0,0,0,0,0,1,0,0,0,0,0
FDX02,16,0.05706009,225.0404,OUT046,12,1,0,1,0,0,0,0,1,0,0,1,0,0,0,1,0,0,0,0,0,0,0,0,0,1,0
FDP11,15.85,0.11566015,218.3166,OUT010,11,1,0,0,0,1,0,0,0,1,1,0,0,0,0,1,0,1,0,0,0,0,0,0,0,0,0
FDH32,12.8,0.075691713,98.241,OUT027,24,1,0,0,0,1,0,1,0,0,0,0,0,1,0,1,0,0,0,0,0,0,1,0,0,0,0
NCL18,18.85,0.167844438,193.9136,OUT049,10,1,0,1,0,0,0,1,0,0,0,1,0,0,0,0,1,0,0,0,0,0,0,0,0,0,1
FDT12,6.215,0.049722335,224.5062,OUT045,7,0,1,0,1,0,0,0,1,0,0,1,0,0,0,1,0,0,0,0,0,0,0,0,1,0,0
FDD50,18.85,0.14095631,167.7132,OUT027,24,1,0,0,0,1,0,1,0,0,0,0,0,1,0,1,0,0,0,0,0,0,1,0,0,0,0
NCU05,11.8,0.058827557,80.8618,OUT049,10,1,0,1,0,0,0,1,0,0,0,1,0,0,0,0,1,0,0,0,0,0,0,0,0,0,1
FDI56,7.325,0.093765794,90.3146,OUT018,0,1,0,0,0,1,0,1,0,0,0,0,1,0,0,1,0,0,0,0,1,0,0,0,0,0,0
DRL11,10.5,0.048092816,159.2946,OUT049,10,1,0,1,0,0,0,1,0,0,0,1,0,0,1,0,0,0,0,0,0,0,0,0,0,0,1
FDQ08,15.7,0.018968743,61.9536,OUT045,7,0,1,0,1,0,0,0,1,0,0,1,0,0,0,1,0,0,0,0,0,0,0,0,1,0,0
FDW20,20.75,0.024032484,124.973,OUT027,24,1,0,0,0,1,0,1,0,0,0,0,0,1,0,1,0,0,0,0,0,0,1,0,0,0,0
FDW46,13,0.070444232,63.4484,OUT045,7,0,1,0,1,0,0,0,1,0,0,1,0,0,0,1,0,0,0,0,0,0,0,0,1,0,0
FDO09,13.5,0.125469442,264.491,OUT049,10,0,1,1,0,0,0,1,0,0,0,1,0,0,0,1,0,0,0,0,0,0,0,0,0,0,1
DRJ49,6.865,0.01405025,128.9652,OUT018,0,1,0,0,0,1,0,1,0,0,0,0,1,0,1,0,0,0,0,0,1,0,0,0,0,0,0
FDP26,7.785,0.139436695,103.0306,OUT013,22,1,0,0,0,1,1,0,0,0,0,1,0,0,0,1,0,0,1,0,0,0,0,0,0,0,0
FDO19,17.7,0.016593506,46.9034,OUT035,5,0,1,0,1,0,0,0,1,0,0,1,0,0,0,1,0,0,0,0,0,0,0,1,0,0,0
NCG43,20.2,0.124261614,93.6462,OUT010,11,1,0,0,0,1,0,0,0,1,1,0,0,0,0,0,1,1,0,0,0,0,0,0,0,0,0
FDG02,7.855,0.011261165,189.5188,OUT046,12,1,0,1,0,0,0,0,1,0,0,1,0,0,0,1,0,0,0,0,0,0,0,0,0,1,0
FDO32,6.36,0.120520818,45.906,OUT035,5,1,0,0,1,0,0,0,1,0,0,1,0,0,0,1,0,0,0,0,0,0,0,1,0,0,0
FDR34,17,0.015965308,229.4352,OUT046,12,0,1,1,0,0,0,0,1,0,0,1,0,0,0,1,0,0,0,0,0,0,0,0,0,1,0
FDU59,5.78,0.096386227,163.5552,OUT046,12,1,0,1,0,0,0,0,1,0,0,1,0,0,0,1,0,0,0,0,0,0,0,0,0,1,0
FDN31,11.5,0.073029341,187.953,OUT045,7,1,0,0,1,0,0,0,1,0,0,1,0,0,0,1,0,0,0,0,0,0,0,0,1,0,0
FDT55,13.6,0.043443753,158.1946,OUT027,24,0,1,0,0,1,0,1,0,0,0,0,0,1,0,1,0,0,0,0,0,0,1,0,0,0,0
FDE08,18.2,0.049520593,147.3734,OUT018,0,1,0,0,0,1,0,1,0,0,0,0,1,0,0,1,0,0,0,0,1,0,0,0,0,0,0
FDK52,18.25,0.079152918,223.8062,OUT013,22,1,0,0,0,1,1,0,0,0,0,1,0,0,0,1,0,0,1,0,0,0,0,0,0,0,0
FDW11,12.6,0.048741487,60.4194,OUT013,22,1,0,0,0,1,1,0,0,0,0,1,0,0,0,1,0,0,1,0,0,0,0,0,0,0,0
FDC03,8.575,0.071958197,195.3794,OUT049,10,0,1,1,0,0,0,1,0,0,0,1,0,0,0,1,0,0,0,0,0,0,0,0,0,0,1
FDR43,18.2,0.162147349,37.719,OUT018,0,1,0,0,0,1,0,1,0,0,0,0,1,0,0,1,0,0,0,0,1,0,0,0,0,0,0
FDL14,8.115,0.05382735,155.2972,OUT010,11,0,1,0,0,1,0,0,0,1,1,0,0,0,0,1,0,1,0,0,0,0,0,0,0,0,0
FDP39,12.65,0.069565759,52.4324,OUT045,7,1,0,0,1,0,0,0,1,0,0,1,0,0,0,1,0,0,0,0,0,0,0,0,1,0,0
FDG29,17.6,0.056019324,40.0454,OUT027,24,1,0,0,0,1,0,1,0,0,0,0,0,1,0,1,0,0,0,0,0,0,1,0,0,0,0
DRH15,8.775,0.109911272,41.9428,OUT046,12,1,0,1,0,0,0,0,1,0,0,1,0,0,1,0,0,0,0,0,0,0,0,0,0,1,0
FDT11,5.94,0.029366813,187.7556,OUT035,5,0,1,0,1,0,0,0,1,0,0,1,0,0,0,1,0,0,0,0,0,0,0,1,0,0,0
FDU48,18.85,0.055347985,131.5284,OUT035,5,1,0,0,1,0,0,0,1,0,0,1,0,0,0,1,0,0,0,0,0,0,0,1,0,0,0
FDY12,9.8,0.135643972,49.2008,OUT013,22,0,1,0,0,1,1,0,0,0,0,1,0,0,0,1,0,0,1,0,0,0,0,0,0,0,0
FDS44,12.65,0.156926608,238.3538,OUT017,2,0,1,0,1,0,0,0,1,0,0,1,0,0,0,1,0,0,0,1,0,0,0,0,0,0,0
NCP06,20.7,0.039405676,149.8366,OUT018,0,1,0,0,0,1,0,1,0,0,0,0,1,0,0,0,1,0,0,0,1,0,0,0,0,0,0
DRH23,14.65,0.170176516,55.2614,OUT013,22,1,0,0,0,1,1,0,0,0,0,1,0,0,1,0,0,0,1,0,0,0,0,0,0,0,0
FDA16,6.695,0.033777629,222.8456,OUT027,24,1,0,0,0,1,0,1,0,0,0,0,0,1,0,1,0,0,0,0,0,0,1,0,0,0,0
FDT45,15.85,0.057546914,55.8956,OUT018,0,1,0,0,0,1,0,1,0,0,0,0,1,0,0,1,0,0,0,0,1,0,0,0,0,0,0
FDE56,17.25,0.160095901,61.5194,OUT017,2,0,1,0,1,0,0,0,1,0,0,1,0,0,0,1,0,0,0,1,0,0,0,0,0,0,0
FDA40,16,0.099832728,87.4856,OUT017,2,0,1,0,1,0,0,0,1,0,0,1,0,0,0,1,0,0,0,1,0,0,0,0,0,0,0
FDA39,6.32,0.012717946,40.2822,OUT046,12,1,0,1,0,0,0,0,1,0,0,1,0,0,0,1,0,0,0,0,0,0,0,0,0,1,0
NCB19,6.525,0.090278634,86.7882,OUT035,5,1,0,0,1,0,0,0,1,0,0,1,0,0,0,0,1,0,0,0,0,0,0,1,0,0,0
FDZ34,6.695,0.066472249,191.882,OUT013,22,1,0,0,0,1,1,0,0,0,0,1,0,0,0,1,0,0,1,0,0,0,0,0,0,0,0
FDV22,14.85,0.009958941,157.963,OUT045,7,0,1,0,1,0,0,0,1,0,0,1,0,0,0,1,0,0,0,0,0,0,0,0,1,0,0
FDO40,17.1,0.032678839,150.7392,OUT049,10,1,0,1,0,0,0,1,0,0,0,1,0,0,0,1,0,0,0,0,0,0,0,0,0,0,1
FDD21,10.3,0.022936952,115.0176,OUT013,22,0,1,0,0,1,1,0,0,0,0,1,0,0,0,1,0,0,1,0,0,0,0,0,0,0,0
FDO36,19.7,0.077849003,179.166,OUT013,22,1,0,0,0,1,1,0,0,0,0,1,0,0,0,1,0,0,1,0,0,0,0,0,0,0,0
FDV34,10.695,0.011443222,73.5038,OUT049,10,0,1,1,0,0,0,1,0,0,0,1,0,0,0,1,0,0,0,0,0,0,0,0,0,0,1
NCY18,7.285,0.031214809,177.1054,OUT045,7,1,0,0,1,0,0,0,1,0,0,1,0,0,0,0,1,0,0,0,0,0,0,0,1,0,0
NCM54,17.7,0.051146565,127.3678,OUT018,0,1,0,0,0,1,0,1,0,0,0,0,1,0,0,0,1,0,0,0,1,0,0,0,0,0,0
FDB59,18.25,0.015302653,198.0084,OUT049,10,1,0,1,0,0,0,1,0,0,0,1,0,0,0,1,0,0,0,0,0,0,0,0,0,0,1
FDS45,5.175,0.04937018,106.7622,OUT010,11,0,1,0,0,1,0,0,0,1,1,0,0,0,0,1,0,1,0,0,0,0,0,0,0,0,0
FDV24,5.635,0.08812433,148.705,OUT049,10,1,0,1,0,0,0,1,0,0,0,1,0,0,0,1,0,0,0,0,0,0,0,0,0,0,1
FDD46,6.035,0.236433601,155.5998,OUT010,11,1,0,0,0,1,0,0,0,1,1,0,0,0,0,1,0,1,0,0,0,0,0,0,0,0,0
FDQ39,14.8,0.081372267,191.4846,OUT018,0,1,0,0,0,1,0,1,0,0,0,0,1,0,0,1,0,0,0,0,1,0,0,0,0,0,0
FDD52,18.25,0.18329488,111.657,OUT046,12,0,1,1,0,0,0,0,1,0,0,1,0,0,0,1,0,0,0,0,0,0,0,0,0,1,0
FDL39,16.1,0.06358934,179.4318,OUT018,0,0,1,0,0,1,0,1,0,0,0,0,1,0,0,1,0,0,0,0,1,0,0,0,0,0,0
FDV02,16.75,0.060792265,170.4106,OUT018,0,1,0,0,0,1,0,1,0,0,0,0,1,0,0,1,0,0,0,0,1,0,0,0,0,0,0
FDE11,17.7,0.127426628,184.3924,OUT046,12,0,1,1,0,0,0,0,1,0,0,1,0,0,0,1,0,0,0,0,0,0,0,0,0,1,0
NCU54,8.88,0.098775709,208.927,OUT049,10,1,0,1,0,0,0,1,0,0,0,1,0,0,0,0,1,0,0,0,0,0,0,0,0,0,1
FDR43,18.2,0.270300331,38.319,OUT010,11,1,0,0,0,1,0,0,0,1,1,0,0,0,0,1,0,1,0,0,0,0,0,0,0,0,0
FDD51,11.15,0.119852889,44.9744,OUT013,22,1,0,0,0,1,1,0,0,0,0,1,0,0,0,1,0,0,1,0,0,0,0,0,0,0,0
FDO60,20,0.034563936,45.3086,OUT017,2,1,0,0,1,0,0,0,1,0,0,1,0,0,0,1,0,0,0,1,0,0,0,0,0,0,0
NCS06,7.935,0.031710329,263.091,OUT013,22,1,0,0,0,1,1,0,0,0,0,1,0,0,0,0,1,0,1,0,0,0,0,0,0,0,0
FDX50,20.1,0.074778547,110.7228,OUT045,7,1,0,0,1,0,0,0,1,0,0,1,0,0,0,1,0,0,0,0,0,0,0,0,1,0,0
FDQ55,13.65,0.013035609,114.7834,OUT035,5,0,1,0,1,0,0,0,1,0,0,1,0,0,0,1,0,0,0,0,0,0,0,1,0,0,0
FDL52,6.635,0.046277956,36.7506,OUT018,0,0,1,0,0,1,0,1,0,0,0,0,1,0,0,1,0,0,0,0,1,0,0,0,0,0,0
FDK52,18.25,0.0793795,226.1062,OUT045,7,1,0,0,1,0,0,0,1,0,0,1,0,0,0,1,0,0,0,0,0,0,0,0,1,0,0
NCO02,11.15,0.073783159,66.0142,OUT017,2,1,0,0,1,0,0,0,1,0,0,1,0,0,0,0,1,0,0,1,0,0,0,0,0,0,0
NCO30,19.5,0.01572192,185.6608,OUT035,5,1,0,0,1,0,0,0,1,0,0,1,0,0,0,0,1,0,0,0,0,0,0,1,0,0,0
FDA33,6.48,0.033952603,148.2076,OUT049,10,1,0,1,0,0,0,1,0,0,0,1,0,0,0,1,0,0,0,0,0,0,0,0,0,0,1
FDB12,11.15,0.105220024,102.7648,OUT013,22,0,1,0,0,1,1,0,0,0,0,1,0,0,0,1,0,0,1,0,0,0,0,0,0,0,0
FDT40,5.985,0.095715608,125.8678,OUT013,22,1,0,0,0,1,1,0,0,0,0,1,0,0,0,1,0,0,1,0,0,0,0,0,0,0,0
NCO05,7.27,0.046822808,99.3384,OUT017,2,1,0,0,1,0,0,0,1,0,0,1,0,0,0,0,1,0,0,1,0,0,0,0,0,0,0
FDR32,6.78,0.073954685,227.5694,OUT049,10,0,1,1,0,0,0,1,0,0,0,1,0,0,0,1,0,0,0,0,0,0,0,0,0,0,1
FDM04,9.195,0.04731256,50.7666,OUT018,0,0,1,0,0,1,0,1,0,0,0,0,1,0,0,1,0,0,0,0,1,0,0,0,0,0,0
DRL01,19.5,0.077108099,232.8958,OUT013,22,0,1,0,0,1,1,0,0,0,0,1,0,0,1,0,0,0,1,0,0,0,0,0,0,0,0
FDQ56,6.59,0.106027474,83.9908,OUT018,0,1,0,0,0,1,0,1,0,0,0,0,1,0,0,1,0,0,0,0,1,0,0,0,0,0,0
FDH08,7.51,0.01742908,229.601,OUT046,12,1,0,1,0,0,0,0,1,0,0,1,0,0,0,1,0,0,0,0,0,0,0,0,0,1,0
NCQ06,13,0.073229342,254.1014,OUT019,24,1,0,1,0,0,0,0,1,0,1,0,0,0,0,0,1,0,0,0,0,1,0,0,0,0,0
FDG16,15.25,0.157257637,215.0192,OUT019,24,1,0,1,0,0,0,0,1,0,1,0,0,0,0,1,0,0,0,0,0,1,0,0,0,0,0
FDZ40,8.935,0.039988162,55.7298,OUT027,24,1,0,0,0,1,0,1,0,0,0,0,0,1,0,1,0,0,0,0,0,0,1,0,0,0,0
FDY51,12.5,0.081119484,220.0798,OUT035,5,1,0,0,1,0,0,0,1,0,0,1,0,0,0,1,0,0,0,0,0,0,0,1,0,0,0
NCN41,17,0.052421981,123.773,OUT018,0,1,0,0,0,1,0,1,0,0,0,0,1,0,0,0,1,0,0,0,1,0,0,0,0,0,0
NCM17,7.93,0.070791391,46.4086,OUT027,24,1,0,0,0,1,0,1,0,0,0,0,0,1,0,0,1,0,0,0,0,0,1,0,0,0,0
FDP39,12.65,0.069817659,53.5324,OUT017,2,1,0,0,1,0,0,0,1,0,0,1,0,0,0,1,0,0,0,1,0,0,0,0,0,0,0
FDZ08,12.5,0.109971578,82.7592,OUT035,5,0,1,0,1,0,0,0,1,0,0,1,0,0,0,1,0,0,0,0,0,0,0,1,0,0,0
FDU03,18.7,0.091950972,184.2292,OUT018,0,0,1,0,0,1,0,1,0,0,0,0,1,0,0,1,0,0,0,0,1,0,0,0,0,0,0
FDZ49,11,0.133145617,218.4798,OUT046,12,0,1,1,0,0,0,0,1,0,0,1,0,0,0,1,0,0,0,0,0,0,0,0,0,1,0
NCX30,16.7,0.046609281,248.6776,OUT019,24,1,0,1,0,0,0,0,1,0,1,0,0,0,0,0,1,0,0,0,0,1,0,0,0,0,0
FDV08,7.35,0.028652919,40.5454,OUT045,7,1,0,0,1,0,0,0,1,0,0,1,0,0,0,1,0,0,0,0,0,0,0,0,1,0,0
FDB15,10.895,0.136696892,264.5568,OUT013,22,1,0,0,0,1,1,0,0,0,0,1,0,0,0,1,0,0,1,0,0,0,0,0,0,0,0
FDY49,17.2,0.012002075,165.3184,OUT013,22,0,1,0,0,1,1,0,0,0,0,1,0,0,0,1,0,0,1,0,0,0,0,0,0,0,0
FDF24,15.5,0.025513973,83.7934,OUT017,2,0,1,0,1,0,0,0,1,0,0,1,0,0,0,1,0,0,0,1,0,0,0,0,0,0,0
DRK47,7.905,0.064194304,229.4694,OUT045,7,1,0,0,1,0,0,0,1,0,0,1,0,0,1,0,0,0,0,0,0,0,0,0,1,0,0
DRD37,9.8,0.013920032,45.006,OUT017,2,1,0,0,1,0,0,0,1,0,0,1,0,0,1,0,0,0,0,1,0,0,0,0,0,0,0
FDH40,11.6,0.079251097,79.2276,OUT018,0,0,1,0,0,1,0,1,0,0,0,0,1,0,0,1,0,0,0,0,1,0,0,0,0,0,0
FDL12,15.85,0.121043709,59.422,OUT027,24,0,1,0,0,1,0,1,0,0,0,0,0,1,0,1,0,0,0,0,0,0,1,0,0,0,0
FDW11,12.6,0.048545853,60.1194,OUT027,24,1,0,0,0,1,0,1,0,0,0,0,0,1,0,1,0,0,0,0,0,0,1,0,0,0,0
NCE06,5.825,0.091467933,159.7894,OUT035,5,1,0,0,1,0,0,0,1,0,0,1,0,0,0,0,1,0,0,0,0,0,0,1,0,0,0
FDF32,16.35,0.058074343,196.3426,OUT018,0,1,0,0,0,1,0,1,0,0,0,0,1,0,0,1,0,0,0,0,1,0,0,0,0,0,0
DRI47,14.7,0.020916223,141.8128,OUT035,5,1,0,0,1,0,0,0,1,0,0,1,0,0,1,0,0,0,0,0,0,0,0,1,0,0,0
DRA12,11.6,0.034937793,141.9154,OUT035,5,1,0,0,1,0,0,0,1,0,0,1,0,0,1,0,0,0,0,0,0,0,0,1,0,0,0
FDX45,16.75,0.104768536,155.163,OUT013,22,1,0,0,0,1,1,0,0,0,0,1,0,0,0,1,0,0,1,0,0,0,0,0,0,0,0
FDR35,12.5,0.020680499,197.2742,OUT013,22,1,0,0,0,1,1,0,0,0,0,1,0,0,0,1,0,0,1,0,0,0,0,0,0,0,0
FDK03,12.6,0.123727659,253.0356,OUT010,11,0,1,0,0,1,0,0,0,1,1,0,0,0,0,1,0,1,0,0,0,0,0,0,0,0,0
NCJ18,12.35,0.163805509,117.6124,OUT013,22,1,0,0,0,1,1,0,0,0,0,1,0,0,0,0,1,0,1,0,0,0,0,0,0,0,0
FDN48,13.35,0.065082452,93.0804,OUT045,7,1,0,0,1,0,0,0,1,0,0,1,0,0,0,1,0,0,0,0,0,0,0,0,1,0,0
FDZ59,6.63,0.182128363,165.65,OUT019,24,0,1,1,0,0,0,0,1,0,1,0,0,0,0,1,0,0,0,0,0,1,0,0,0,0,0
FDB57,20.25,0.01871404,223.4772,OUT027,24,0,1,0,0,1,0,1,0,0,0,0,0,1,0,1,0,0,0,0,0,0,1,0,0,0,0
DRP35,18.85,0.159096908,129.3336,OUT019,24,1,0,1,0,0,0,0,1,0,1,0,0,0,1,0,0,0,0,0,0,1,0,0,0,0,0
FDZ59,6.63,0.103935018,166.85,OUT013,22,0,1,0,0,1,1,0,0,0,0,1,0,0,0,1,0,0,1,0,0,0,0,0,0,0,0
FDU58,6.61,0.029129907,188.4898,OUT018,0,0,1,0,0,1,0,1,0,0,0,0,1,0,0,1,0,0,0,0,1,0,0,0,0,0,0
FDL09,19.6,0.128011859,166.8816,OUT035,5,0,1,0,1,0,0,0,1,0,0,1,0,0,0,1,0,0,0,0,0,0,0,1,0,0,0
FDY38,13.6,0.119850541,234.53,OUT017,2,0,1,0,1,0,0,0,1,0,0,1,0,0,0,1,0,0,0,1,0,0,0,0,0,0,0
FDI46,9.5,0.073985248,252.5724,OUT027,24,1,0,0,0,1,0,1,0,0,0,0,0,1,0,1,0,0,0,0,0,0,1,0,0,0,0
FDL03,19.25,0.027233781,197.511,OUT017,2,0,1,0,1,0,0,0,1,0,0,1,0,0,0,1,0,0,0,1,0,0,0,0,0,0,0
DRC25,5.73,0.079440262,86.7882,OUT019,24,1,0,1,0,0,0,0,1,0,1,0,0,0,1,0,0,0,0,0,0,1,0,0,0,0,0
FDU60,20,0.060022526,168.7132,OUT045,7,0,1,0,1,0,0,0,1,0,0,1,0,0,0,1,0,0,0,0,0,0,0,0,1,0,0
FDP25,15.2,0.02110482,217.0824,OUT027,24,1,0,0,0,1,0,1,0,0,0,0,0,1,0,1,0,0,0,0,0,0,1,0,0,0,0
FDO57,20.75,0.181958524,161.0578,OUT010,11,1,0,0,0,1,0,0,0,1,1,0,0,0,0,1,0,1,0,0,0,0,0,0,0,0,0
FDQ09,7.235,0.058222587,114.8834,OUT049,10,1,0,1,0,0,0,1,0,0,0,1,0,0,0,1,0,0,0,0,0,0,0,0,0,0,1
NCY05,13.5,0.054723717,36.6874,OUT027,24,1,0,0,0,1,0,1,0,0,0,0,0,1,0,0,1,0,0,0,0,0,1,0,0,0,0
FDA20,6.78,0.066724663,187.724,OUT049,10,1,0,1,0,0,0,1,0,0,0,1,0,0,0,1,0,0,0,0,0,0,0,0,0,0,1
FDF16,7.3,0.144167934,146.3076,OUT010,11,1,0,0,0,1,0,0,0,1,1,0,0,0,0,1,0,1,0,0,0,0,0,0,0,0,0
NCG07,12.3,0.052458358,188.753,OUT013,22,1,0,0,0,1,1,0,0,0,0,1,0,0,0,0,1,0,1,0,0,0,0,0,0,0,0
FDR46,16.85,0.139985583,145.276,OUT018,0,1,0,0,0,1,0,1,0,0,0,0,1,0,0,1,0,0,0,0,1,0,0,0,0,0,0
FDP22,14.65,0.099286298,49.8666,OUT049,10,0,1,1,0,0,0,1,0,0,0,1,0,0,0,1,0,0,0,0,0,0,0,0,0,0,1
FDL45,15.6,0.037680711,123.7704,OUT035,5,1,0,0,1,0,0,0,1,0,0,1,0,0,0,1,0,0,0,0,0,0,0,1,0,0,0
NCF42,17.35,0.168064909,176.2712,OUT018,0,1,0,0,0,1,0,1,0,0,0,0,1,0,0,0,1,0,0,0,1,0,0,0,0,0,0
FDD04,16,0.090111173,141.3154,OUT049,10,1,0,1,0,0,0,1,0,0,0,1,0,0,0,1,0,0,0,0,0,0,0,0,0,0,1
FDC45,17,0.136286138,170.9106,OUT018,0,1,0,0,0,1,0,1,0,0,0,0,1,0,0,1,0,0,0,0,1,0,0,0,0,0,0
FDI40,11.5,0.125857678,100.5358,OUT045,7,0,1,0,1,0,0,0,1,0,0,1,0,0,0,1,0,0,0,0,0,0,0,0,1,0,0
FDQ11,5.695,0.067700925,256.5988,OUT046,12,0,1,1,0,0,0,0,1,0,0,1,0,0,0,1,0,0,0,0,0,0,0,0,0,1,0
DRM48,15.2,0.112896669,36.0848,OUT046,12,1,0,1,0,0,0,0,1,0,0,1,0,0,1,0,0,0,0,0,0,0,0,0,0,1,0
FDS12,9.1,0.173973652,126.5362,OUT013,22,1,0,0,0,1,1,0,0,0,0,1,0,0,0,1,0,0,1,0,0,0,0,0,0,0,0
FDR46,16.85,0.145363238,146.076,OUT017,2,1,0,0,1,0,0,0,1,0,0,1,0,0,0,1,0,0,0,1,0,0,0,0,0,0,0
NCO02,11.15,0.073516952,65.9142,OUT045,7,1,0,0,1,0,0,0,1,0,0,1,0,0,0,0,1,0,0,0,0,0,0,0,1,0,0
FDQ52,17,0.119285634,247.4434,OUT013,22,1,0,0,0,1,1,0,0,0,0,1,0,0,0,1,0,0,1,0,0,0,0,0,0,0,0
FDY28,7.47,0.153011599,215.2218,OUT017,2,0,1,0,1,0,0,0,1,0,0,1,0,0,0,1,0,0,0,1,0,0,0,0,0,0,0
FDE32,20.7,0.04875891,37.3506,OUT046,12,1,0,1,0,0,0,0,1,0,0,1,0,0,0,1,0,0,0,0,0,0,0,0,0,1,0
FDJ58,15.6,0.105276162,173.2764,OUT035,5,0,1,0,1,0,0,0,1,0,0,1,0,0,0,1,0,0,0,0,0,0,0,1,0,0,0
FDJ27,17.7,0.122123201,100.7674,OUT045,7,0,1,0,1,0,0,0,1,0,0,1,0,0,0,1,0,0,0,0,0,0,0,0,1,0,0
NCM18,13,0.082970667,60.0194,OUT049,10,1,0,1,0,0,0,1,0,0,0,1,0,0,0,0,1,0,0,0,0,0,0,0,0,0,1
FDA02,14,0.029782937,146.3786,OUT045,7,0,1,0,1,0,0,0,1,0,0,1,0,0,0,1,0,0,0,0,0,0,0,0,1,0,0
FDT26,18.85,0.067953506,119.044,OUT046,12,0,1,1,0,0,0,0,1,0,0,1,0,0,0,1,0,0,0,0,0,0,0,0,0,1,0
DRD60,15.7,0.03722507,182.4634,OUT035,5,1,0,0,1,0,0,0,1,0,0,1,0,0,1,0,0,0,0,0,0,0,0,1,0,0,0
NCR18,15.85,0.020487625,44.0112,OUT046,12,1,0,1,0,0,0,0,1,0,0,1,0,0,0,0,1,0,0,0,0,0,0,0,0,1,0
FDO27,6.175,0.179077475,94.3752,OUT046,12,0,1,1,0,0,0,0,1,0,0,1,0,0,0,1,0,0,0,0,0,0,0,0,0,1,0
FDP25,15.2,0.037131628,216.4824,OUT019,24,1,0,1,0,0,0,0,1,0,1,0,0,0,0,1,0,0,0,0,0,1,0,0,0,0,0
FDQ51,16,0.017547958,48.3718,OUT035,5,0,1,0,1,0,0,0,1,0,0,1,0,0,0,1,0,0,0,0,0,0,0,1,0,0,0
NCH07,13.15,0.093191195,158.1604,OUT017,2,1,0,0,1,0,0,0,1,0,0,1,0,0,0,0,1,0,0,1,0,0,0,0,0,0,0
FDP44,16.5,0.079875237,102.7332,OUT045,7,0,1,0,1,0,0,0,1,0,0,1,0,0,0,1,0,0,0,0,0,0,0,0,1,0,0
NCP55,14.65,0.01125332,57.0614,OUT017,2,1,0,0,1,0,0,0,1,0,0,1,0,0,0,0,1,0,0,1,0,0,0,0,0,0,0
FDO09,13.5,0.125170423,261.491,OUT013,22,0,1,0,0,1,1,0,0,0,0,1,0,0,0,1,0,0,1,0,0,0,0,0,0,0,0
FDP38,10.1,0.032152004,50.6008,OUT049,10,1,0,1,0,0,0,1,0,0,0,1,0,0,0,1,0,0,0,0,0,0,0,0,0,0,1
FDI48,11.85,0.056033565,51.4666,OUT017,2,0,1,0,1,0,0,0,1,0,0,1,0,0,0,1,0,0,0,1,0,0,0,0,0,0,0
FDS58,9.285,0.021049215,161.0578,OUT045,7,0,1,0,1,0,0,0,1,0,0,1,0,0,0,1,0,0,0,0,0,0,0,0,1,0,0
FDJ55,12.8,0.023526504,223.5404,OUT035,5,0,1,0,1,0,0,0,1,0,0,1,0,0,0,1,0,0,0,0,0,0,0,1,0,0,0
NCF06,6.235,0.020229757,260.8962,OUT049,10,1,0,1,0,0,0,1,0,0,0,1,0,0,0,0,1,0,0,0,0,0,0,0,0,0,1
FDF41,12.15,0.131445848,246.846,OUT045,7,1,0,0,1,0,0,0,1,0,0,1,0,0,0,1,0,0,0,0,0,0,0,0,1,0,0
NCL05,19.6,0.083862625,44.077,OUT019,24,1,0,1,0,0,0,0,1,0,1,0,0,0,0,0,1,0,0,0,0,1,0,0,0,0,0
FDT24,12.35,0.18614827,78.2328,OUT049,10,0,1,1,0,0,0,1,0,0,0,1,0,0,0,1,0,0,0,0,0,0,0,0,0,0,1
FDK08,9.195,0.204713036,101.0016,OUT010,11,0,1,0,0,1,0,0,0,1,1,0,0,0,0,1,0,1,0,0,0,0,0,0,0,0,0
FDU55,16.2,0.036057562,260.3278,OUT018,0,1,0,0,0,1,0,1,0,0,0,0,1,0,0,1,0,0,0,0,1,0,0,0,0,0,0
NCY18,7.285,0.031327839,174.6054,OUT017,2,1,0,0,1,0,0,0,1,0,0,1,0,0,0,0,1,0,0,1,0,0,0,0,0,0,0
FDS11,7.05,0.055558509,224.7088,OUT046,12,0,1,1,0,0,0,0,1,0,0,1,0,0,0,1,0,0,0,0,0,0,0,0,0,1,0
FDC28,7.905,0.047704383,109.9254,OUT019,24,1,0,1,0,0,0,0,1,0,1,0,0,0,0,1,0,0,0,0,0,1,0,0,0,0,0
FDR59,14.5,0.063863551,262.3594,OUT046,12,0,1,1,0,0,0,0,1,0,0,1,0,0,0,1,0,0,0,0,0,0,0,0,0,1,0
DRE15,13.35,0.01676533,75.7012,OUT017,2,1,0,0,1,0,0,0,1,0,0,1,0,0,1,0,0,0,0,1,0,0,0,0,0,0,0
FDP19,11.5,0.148077092,128.4652,OUT049,10,1,0,1,0,0,0,1,0,0,0,1,0,0,0,1,0,0,0,0,0,0,0,0,0,0,1
DRN47,12.1,0.016852909,180.666,OUT049,10,1,0,1,0,0,0,1,0,0,0,1,0,0,1,0,0,0,0,0,0,0,0,0,0,0,1
FDJ34,11.8,0.094037241,124.5704,OUT018,0,0,1,0,0,1,0,1,0,0,0,0,1,0,0,1,0,0,0,0,1,0,0,0,0,0,0
FDX21,7.05,0.085312137,107.4912,OUT018,0,1,0,0,0,1,0,1,0,0,0,0,1,0,0,1,0,0,0,0,1,0,0,0,0,0,0
FDI57,19.85,0.053764023,195.7768,OUT027,24,1,0,0,0,1,0,1,0,0,0,0,0,1,0,1,0,0,0,0,0,0,1,0,0,0,0
NCI42,18.75,0.010365546,207.0954,OUT046,12,1,0,1,0,0,0,0,1,0,0,1,0,0,0,0,1,0,0,0,0,0,0,0,0,1,0
FDL03,19.25,0.027135522,196.311,OUT045,7,0,1,0,1,0,0,0,1,0,0,1,0,0,0,1,0,0,0,0,0,0,0,0,1,0,0
FDX37,16.2,0.060802835,100.57,OUT013,22,1,0,0,0,1,1,0,0,0,0,1,0,0,0,1,0,0,1,0,0,0,0,0,0,0,0
FDW57,8.31,0.116148596,176.0028,OUT018,0,0,1,0,0,1,0,1,0,0,0,0,1,0,0,1,0,0,0,0,1,0,0,0,0,0,0
FDX14,13.1,0.075363922,73.8354,OUT017,2,1,0,0,1,0,0,0,1,0,0,1,0,0,0,1,0,0,0,1,0,0,0,0,0,0,0
FDD09,13.5,0.021496403,180.5976,OUT046,12,1,0,1,0,0,0,0,1,0,0,1,0,0,0,1,0,0,0,0,0,0,0,0,0,1,0
FDM09,11.15,0.085931544,169.679,OUT046,12,0,1,1,0,0,0,0,1,0,0,1,0,0,0,1,0,0,0,0,0,0,0,0,0,1,0
NCW54,7.5,0.096806008,56.2588,OUT018,0,1,0,0,0,1,0,1,0,0,0,0,1,0,0,0,1,0,0,0,1,0,0,0,0,0,0
DRL11,10.5,0.04778563,156.5946,OUT027,24,1,0,0,0,1,0,1,0,0,0,0,0,1,1,0,0,0,0,0,0,0,1,0,0,0,0
FDJ58,15.6,0.105725004,169.9764,OUT018,0,0,1,0,0,1,0,1,0,0,0,0,1,0,0,1,0,0,0,0,1,0,0,0,0,0,0
FDX21,7.05,0.148764535,111.1912,OUT019,24,1,0,1,0,0,0,0,1,0,1,0,0,0,0,1,0,0,0,0,0,1,0,0,0,0,0
FDA20,6.78,0.066997921,186.524,OUT017,2,1,0,0,1,0,0,0,1,0,0,1,0,0,0,1,0,0,0,1,0,0,0,0,0,0,0
FDL34,16,0.040938155,141.1496,OUT035,5,1,0,0,1,0,0,0,1,0,0,1,0,0,0,1,0,0,0,0,0,0,0,1,0,0,0
FDL38,13.8,0.014661762,89.1172,OUT027,24,0,1,0,0,1,0,1,0,0,0,0,0,1,0,1,0,0,0,0,0,0,1,0,0,0,0
DRL11,10.5,0.048213766,159.6946,OUT018,0,1,0,0,0,1,0,1,0,0,0,0,1,0,1,0,0,0,0,0,1,0,0,0,0,0,0
FDO40,17.1,0.032761024,148.8392,OUT018,0,1,0,0,0,1,0,1,0,0,0,0,1,0,0,1,0,0,0,0,1,0,0,0,0,0,0
DRZ24,7.535,0.068953878,121.644,OUT045,7,1,0,0,1,0,0,0,1,0,0,1,0,0,1,0,0,0,0,0,0,0,0,0,1,0,0
FDM52,15.1,0.025988508,146.6076,OUT035,5,1,0,0,1,0,0,0,1,0,0,1,0,0,0,1,0,0,0,0,0,0,0,1,0,0,0
FDM52,15.1,0.026140452,149.0076,OUT017,2,1,0,0,1,0,0,0,1,0,0,1,0,0,0,1,0,0,0,1,0,0,0,0,0,0,0
FDV49,10,0.025932408,264.7226,OUT018,0,1,0,0,0,1,0,1,0,0,0,0,1,0,0,1,0,0,0,0,1,0,0,0,0,0,0
FDF47,20.85,0.098170402,224.0746,OUT017,2,1,0,0,1,0,0,0,1,0,0,1,0,0,0,1,0,0,0,1,0,0,0,0,0,0,0
FDF56,16.7,0.119439636,182.1976,OUT035,5,0,1,0,1,0,0,0,1,0,0,1,0,0,0,1,0,0,0,0,0,0,0,1,0,0,0
FDW12,8.315,0.059540542,143.6444,OUT010,11,0,1,0,0,1,0,0,0,1,1,0,0,0,0,1,0,1,0,0,0,0,0,0,0,0,0
FDY09,15.6,0.044122209,173.8054,OUT019,24,1,0,1,0,0,0,0,1,0,1,0,0,0,0,1,0,0,0,0,0,1,0,0,0,0,0
FDY55,16.75,0.081304829,258.4988,OUT035,5,1,0,0,1,0,0,0,1,0,0,1,0,0,0,1,0,0,0,0,0,0,0,1,0,0,0
FDU36,6.15,0.081014461,98.8384,OUT019,24,1,0,1,0,0,0,0,1,0,1,0,0,0,0,1,0,0,0,0,0,1,0,0,0,0,0
NCR06,12.5,0.006775667,42.9112,OUT049,10,1,0,1,0,0,0,1,0,0,0,1,0,0,0,0,1,0,0,0,0,0,0,0,0,0,1
FDW24,6.8,0.03749705,49.9034,OUT046,12,1,0,1,0,0,0,0,1,0,0,1,0,0,0,1,0,0,0,0,0,0,0,0,0,1,0
FDF16,7.3,0.086060695,149.8076,OUT013,22,1,0,0,0,1,1,0,0,0,0,1,0,0,0,1,0,0,1,0,0,0,0,0,0,0,0
NCR18,15.85,0.020519478,42.5112,OUT049,10,1,0,1,0,0,0,1,0,0,0,1,0,0,0,0,1,0,0,0,0,0,0,0,0,0,1
DRD01,12.1,0.061163967,56.5614,OUT035,5,0,1,0,1,0,0,0,1,0,0,1,0,0,1,0,0,0,0,0,0,0,0,1,0,0,0
FDS15,9.195,0.07821891,107.6596,OUT045,7,0,1,0,1,0,0,0,1,0,0,1,0,0,0,1,0,0,0,0,0,0,0,0,1,0,0
FDT19,7.59,0.14492016,174.708,OUT013,22,0,1,0,0,1,1,0,0,0,0,1,0,0,0,1,0,0,1,0,0,0,0,0,0,0,0
FDE59,12.15,0.062235983,34.5532,OUT013,22,1,0,0,0,1,1,0,0,0,0,1,0,0,0,1,0,0,1,0,0,0,0,0,0,0,0
FDE04,19.75,0.030166924,179.766,OUT010,11,0,1,0,0,1,0,0,0,1,1,0,0,0,0,1,0,1,0,0,0,0,0,0,0,0,0
NCV17,18.85,0.016104504,130.2626,OUT035,5,1,0,0,1,0,0,0,1,0,0,1,0,0,0,0,1,0,0,0,0,0,0,1,0,0,0
FDC17,12.15,0.01544786,211.2928,OUT013,22,1,0,0,0,1,1,0,0,0,0,1,0,0,0,1,0,0,1,0,0,0,0,0,0,0,0
FDI45,13.1,0.037574137,174.2054,OUT035,5,1,0,0,1,0,0,0,1,0,0,1,0,0,0,1,0,0,0,0,0,0,0,1,0,0,0
FDZ33,10.195,0.106876976,146.7076,OUT027,24,1,0,0,0,1,0,1,0,0,0,0,0,1,0,1,0,0,0,0,0,0,1,0,0,0,0
FDJ56,8.985,0.32111501,100.77,OUT019,24,1,0,1,0,0,0,0,1,0,1,0,0,0,0,1,0,0,0,0,0,1,0,0,0,0,0
FDN25,7.895,0.061124626,58.5588,OUT013,22,0,1,0,0,1,1,0,0,0,0,1,0,0,0,1,0,0,1,0,0,0,0,0,0,0,0
FDC10,9.8,0.127599399,118.9098,OUT019,24,0,1,1,0,0,0,0,1,0,1,0,0,0,0,1,0,0,0,0,0,1,0,0,0,0,0
FDQ22,16.75,0.029785889,38.9822,OUT049,10,1,0,1,0,0,0,1,0,0,0,1,0,0,0,1,0,0,0,0,0,0,0,0,0,0,1
NCR54,16.35,0.088132197,198.211,OUT035,5,1,0,0,1,0,0,0,1,0,0,1,0,0,0,0,1,0,0,0,0,0,0,1,0,0,0
DRK11,8.21,0.010762387,149.5392,OUT035,5,1,0,0,1,0,0,0,1,0,0,1,0,0,1,0,0,0,0,0,0,0,0,1,0,0,0
DRI37,15.85,0.108206497,58.3904,OUT017,2,1,0,0,1,0,0,0,1,0,0,1,0,0,1,0,0,0,0,1,0,0,0,0,0,0,0
FDX37,16.2,0.063127333,100.47,OUT049,10,1,0,1,0,0,0,1,0,0,0,1,0,0,0,1,0,0,0,0,0,0,0,0,0,0,1
FDF05,17.5,0.02687089,264.491,OUT046,12,1,0,1,0,0,0,0,1,0,0,1,0,0,0,1,0,0,0,0,0,0,0,0,0,1,0
FDW36,11.15,0.099681705,107.4622,OUT019,24,1,0,1,0,0,0,0,1,0,1,0,0,0,0,1,0,0,0,0,0,1,0,0,0,0,0
FDI04,13.65,0.072898645,198.1426,OUT035,5,0,1,0,1,0,0,0,1,0,0,1,0,0,0,1,0,0,0,0,0,0,0,1,0,0,0
FDB04,11.35,0.063354531,88.9856,OUT045,7,0,1,0,1,0,0,0,1,0,0,1,0,0,0,1,0,0,0,0,0,0,0,0,1,0,0
FDU38,10.8,0.082534287,191.1504,OUT035,5,1,0,0,1,0,0,0,1,0,0,1,0,0,0,1,0,0,0,0,0,0,0,1,0,0,0
FDY28,7.47,0.152024355,211.8218,OUT013,22,0,1,0,0,1,1,0,0,0,0,1,0,0,0,1,0,0,1,0,0,0,0,0,0,0,0
FDP20,19.85,0.045669236,126.402,OUT046,12,1,0,1,0,0,0,0,1,0,0,1,0,0,0,1,0,0,0,0,0,0,0,0,0,1,0
FDC29,8.39,0.024342578,113.6176,OUT017,2,0,1,0,1,0,0,0,1,0,0,1,0,0,0,1,0,0,0,1,0,0,0,0,0,0,0
FDR45,10.8,0.028988288,239.2222,OUT049,10,1,0,1,0,0,0,1,0,0,0,1,0,0,0,1,0,0,0,0,0,0,0,0,0,0,1
NCC42,15,0.044908404,140.2838,OUT046,12,1,0,1,0,0,0,0,1,0,0,1,0,0,0,0,1,0,0,0,0,0,0,0,0,1,0
NCF42,17.35,0.168329848,176.7712,OUT017,2,1,0,0,1,0,0,0,1,0,0,1,0,0,0,0,1,0,0,1,0,0,0,0,0,0,0
FDZ45,14.1,0.111936685,198.8084,OUT010,11,1,0,0,0,1,0,0,0,1,1,0,0,0,0,1,0,1,0,0,0,0,0,0,0,0,0
FDB23,19.2,0.005620213,226.6062,OUT017,2,0,1,0,1,0,0,0,1,0,0,1,0,0,0,1,0,0,0,1,0,0,0,0,0,0,0
FDC41,15.6,0.117095014,78.067,OUT049,10,1,0,1,0,0,0,1,0,0,0,1,0,0,0,1,0,0,0,0,0,0,0,0,0,0,1
FDA10,20.35,0.248301532,124.1072,OUT019,24,1,0,1,0,0,0,0,1,0,1,0,0,0,0,1,0,0,0,0,0,1,0,0,0,0,0
NCM26,20.5,0.023274107,154.134,OUT017,2,1,0,0,1,0,0,0,1,0,0,1,0,0,0,0,1,0,0,1,0,0,0,0,0,0,0
FDZ58,17.85,0.091354948,122.3072,OUT019,24,1,0,1,0,0,0,0,1,0,1,0,0,0,0,1,0,0,0,0,0,1,0,0,0,0,0
FDW35,10.6,0.011087128,41.4454,OUT035,5,1,0,0,1,0,0,0,1,0,0,1,0,0,0,1,0,0,0,0,0,0,0,1,0,0,0
FDX32,15.1,0.099839365,143.3786,OUT035,5,0,1,0,1,0,0,0,1,0,0,1,0,0,0,1,0,0,0,0,0,0,0,1,0,0,0
FDK40,7.035,0.021938404,264.691,OUT018,0,1,0,0,0,1,0,1,0,0,0,0,1,0,0,1,0,0,0,0,1,0,0,0,0,0,0
FDD04,16,0.090480206,142.4154,OUT017,2,1,0,0,1,0,0,0,1,0,0,1,0,0,0,1,0,0,0,1,0,0,0,0,0,0,0
FDP28,13.65,0.080640478,262.6936,OUT046,12,0,1,1,0,0,0,0,1,0,0,1,0,0,0,1,0,0,0,0,0,0,0,0,0,1,0
NCL42,18.85,0.040338009,246.7144,OUT013,22,1,0,0,0,1,1,0,0,0,0,1,0,0,0,0,1,0,1,0,0,0,0,0,0,0,0
DRB13,6.115,0.007043008,190.353,OUT035,5,0,1,0,1,0,0,0,1,0,0,1,0,0,1,0,0,0,0,0,0,0,0,1,0,0,0
FDC33,8.96,0.069219165,196.5768,OUT018,0,0,1,0,0,1,0,1,0,0,0,0,1,0,0,1,0,0,0,0,1,0,0,0,0,0,0
FDO58,19.6,0.039569689,165.9526,OUT035,5,1,0,0,1,0,0,0,1,0,0,1,0,0,0,1,0,0,0,0,0,0,0,1,0,0,0
FDE34,9.195,0.180588082,182.2634,OUT010,11,1,0,0,0,1,0,0,0,1,1,0,0,0,0,1,0,1,0,0,0,0,0,0,0,0,0
NCE19,8.97,0.09301462,52.7956,OUT046,12,1,0,1,0,0,0,0,1,0,0,1,0,0,0,0,1,0,0,0,0,0,0,0,0,1,0
NCJ18,12.35,0.274405193,117.1124,OUT010,11,1,0,0,0,1,0,0,0,1,1,0,0,0,0,0,1,1,0,0,0,0,0,0,0,0,0
FDF52,9.3,0.066887123,183.9292,OUT049,10,1,0,1,0,0,0,1,0,0,0,1,0,0,0,1,0,0,0,0,0,0,0,0,0,0,1
FDY04,17.7,0.042468413,162.421,OUT035,5,0,1,0,1,0,0,0,1,0,0,1,0,0,0,1,0,0,0,0,0,0,0,1,0,0,0
DRF49,7.27,0.071188446,111.9518,OUT049,10,1,0,1,0,0,0,1,0,0,0,1,0,0,1,0,0,0,0,0,0,0,0,0,0,0,1
FDX27,20.7,0.191008614,92.8436,OUT010,11,0,1,0,0,1,0,0,0,1,1,0,0,0,0,1,0,1,0,0,0,0,0,0,0,0,0
FDV28,16.1,0.159595473,32.8558,OUT013,22,0,1,0,0,1,1,0,0,0,0,1,0,0,0,1,0,0,1,0,0,0,0,0,0,0,0
FDE33,19.35,0.086905536,78.8644,OUT019,24,0,1,1,0,0,0,0,1,0,1,0,0,0,0,1,0,0,0,0,0,1,0,0,0,0,0
FDQ37,20.75,0.089186387,193.3478,OUT013,22,1,0,0,0,1,1,0,0,0,0,1,0,0,0,1,0,0,1,0,0,0,0,0,0,0,0
NCG30,20.2,0.112321218,123.6046,OUT046,12,1,0,1,0,0,0,0,1,0,0,1,0,0,0,0,1,0,0,0,0,0,0,0,0,1,0
NCH29,5.51,0.034668802,98.5726,OUT017,2,1,0,0,1,0,0,0,1,0,0,1,0,0,0,0,1,0,0,1,0,0,0,0,0,0,0
FDV20,20.2,0.062351684,129.0678,OUT017,2,0,1,0,1,0,0,0,1,0,0,1,0,0,0,1,0,0,0,1,0,0,0,0,0,0,0
FDG57,14.7,0.072592873,48.5034,OUT018,0,1,0,0,0,1,0,1,0,0,0,0,1,0,0,1,0,0,0,0,1,0,0,0,0,0,0
FDU60,20,0.059889718,168.5132,OUT035,5,0,1,0,1,0,0,0,1,0,0,1,0,0,0,1,0,0,0,0,0,0,0,1,0,0,0
NCH30,17.1,0.112402118,112.986,OUT010,11,1,0,0,0,1,0,0,0,1,1,0,0,0,0,0,1,1,0,0,0,0,0,0,0,0,0
NCM29,11.5,0.029529474,132.6626,OUT010,11,1,0,0,0,1,0,0,0,1,1,0,0,0,0,0,1,1,0,0,0,0,0,0,0,0,0
FDB12,11.15,0.105736638,104.4648,OUT018,0,0,1,0,0,1,0,1,0,0,0,0,1,0,0,1,0,0,0,0,1,0,0,0,0,0,0
FDD53,16.2,0.044291251,43.3454,OUT049,10,1,0,1,0,0,0,1,0,0,0,1,0,0,0,1,0,0,0,0,0,0,0,0,0,0,1
FDI44,16.1,0.100388706,76.0328,OUT049,10,1,0,1,0,0,0,1,0,0,0,1,0,0,0,1,0,0,0,0,0,0,0,0,0,0,1
FDW56,7.68,0.070556945,191.2162,OUT027,24,1,0,0,0,1,0,1,0,0,0,0,0,1,0,1,0,0,0,0,0,0,1,0,0,0,0
FDA01,15,0.054599767,59.4904,OUT018,0,0,1,0,0,1,0,1,0,0,0,0,1,0,0,1,0,0,0,0,1,0,0,0,0,0,0
FDG47,12.8,0.069560905,263.0252,OUT013,22,1,0,0,0,1,1,0,0,0,0,1,0,0,0,1,0,0,1,0,0,0,0,0,0,0,0
FDT40,5.985,0.093224914,125.2678,OUT035,5,1,0,0,1,0,0,0,1,0,0,1,0,0,0,1,0,0,0,0,0,0,0,1,0,0,0
FDU20,19.35,0.021453493,120.3098,OUT035,5,0,1,0,1,0,0,0,1,0,0,1,0,0,0,1,0,0,0,0,0,0,0,1,0,0,0
NCP41,16.6,0.016276741,109.8596,OUT018,0,1,0,0,0,1,0,1,0,0,0,0,1,0,0,0,1,0,0,0,1,0,0,0,0,0,0
FDW36,11.15,0.056656942,106.2622,OUT027,24,1,0,0,0,1,0,1,0,0,0,0,0,1,0,1,0,0,0,0,0,0,1,0,0,0,0
FDN31,11.5,0.072994847,189.253,OUT049,10,1,0,1,0,0,0,1,0,0,0,1,0,0,0,1,0,0,0,0,0,0,0,0,0,0,1
NCU54,8.88,0.165073642,207.727,OUT010,11,1,0,0,0,1,0,0,0,1,1,0,0,0,0,0,1,1,0,0,0,0,0,0,0,0,0
FDS01,11.6,0.017744999,177.9686,OUT046,12,1,0,1,0,0,0,0,1,0,0,1,0,0,0,1,0,0,0,0,0,0,0,0,0,1,0
FDA23,9.8,0.047453947,101.7016,OUT017,2,1,0,0,1,0,0,0,1,0,0,1,0,0,0,1,0,0,0,1,0,0,0,0,0,0,0
FDY08,9.395,0.171422166,139.1838,OUT045,7,0,1,0,1,0,0,0,1,0,0,1,0,0,0,1,0,0,0,0,0,0,0,0,1,0,0
FDJ28,12.3,0.021860985,193.3162,OUT046,12,1,0,1,0,0,0,0,1,0,0,1,0,0,0,1,0,0,0,0,0,0,0,0,0,1,0
DRF36,16.1,0.023577298,192.6846,OUT046,12,1,0,1,0,0,0,0,1,0,0,1,0,0,1,0,0,0,0,0,0,0,0,0,0,1,0
FDH44,19.1,0.043304681,147.5418,OUT010,11,0,1,0,0,1,0,0,0,1,1,0,0,0,0,1,0,1,0,0,0,0,0,0,0,0,0
NCY54,8.43,0.177971115,174.0422,OUT049,10,1,0,1,0,0,0,1,0,0,0,1,0,0,0,0,1,0,0,0,0,0,0,0,0,0,1
FDR59,14.5,0.106894492,260.4594,OUT010,11,0,1,0,0,1,0,0,0,1,1,0,0,0,0,1,0,1,0,0,0,0,0,0,0,0,0
DRA59,8.27,0.127927931,184.8924,OUT046,12,0,1,1,0,0,0,0,1,0,0,1,0,0,1,0,0,0,0,0,0,0,0,0,0,1,0
FDS55,7.02,0.081623275,148.0734,OUT017,2,1,0,0,1,0,0,0,1,0,0,1,0,0,0,1,0,0,0,1,0,0,0,0,0,0,0
FDZ28,20,0.051596927,128.0678,OUT045,7,0,1,0,1,0,0,0,1,0,0,1,0,0,0,1,0,0,0,0,0,0,0,0,1,0,0
DRG49,7.81,0.067592098,246.0486,OUT045,7,1,0,0,1,0,0,0,1,0,0,1,0,0,1,0,0,0,0,0,0,0,0,0,1,0,0
FDH21,10.395,0.054670967,158.6604,OUT019,24,1,0,1,0,0,0,0,1,0,1,0,0,0,0,1,0,0,0,0,0,1,0,0,0,0,0
NCN19,13.1,0.012089479,189.853,OUT013,22,1,0,0,0,1,1,0,0,0,0,1,0,0,0,0,1,0,1,0,0,0,0,0,0,0,0
FDP25,15.2,0.021250528,216.5824,OUT045,7,1,0,0,1,0,0,0,1,0,0,1,0,0,0,1,0,0,0,0,0,0,0,0,1,0,0
DRH59,10.8,0.05843345,74.738,OUT046,12,1,0,1,0,0,0,0,1,0,0,1,0,0,1,0,0,0,0,0,0,0,0,0,0,1,0
FDH09,12.6,0.05606697,50.7982,OUT035,5,1,0,0,1,0,0,0,1,0,0,1,0,0,0,1,0,0,0,0,0,0,0,1,0,0,0
NCK54,12.15,0.029569276,115.015,OUT049,10,1,0,1,0,0,0,1,0,0,0,1,0,0,0,0,1,0,0,0,0,0,0,0,0,0,1
FDT21,7.42,0.0204332,248.9092,OUT045,7,1,0,0,1,0,0,0,1,0,0,1,0,0,0,1,0,0,0,0,0,0,0,0,1,0,0
FDR12,12.6,0.055213281,172.4764,OUT019,24,0,1,1,0,0,0,0,1,0,1,0,0,0,0,1,0,0,0,0,0,1,0,0,0,0,0
FDS25,6.885,0.1408005,111.4228,OUT017,2,0,1,0,1,0,0,0,1,0,0,1,0,0,0,1,0,0,0,1,0,0,0,0,0,0,0
NCL05,19.6,0.047665717,42.177,OUT027,24,1,0,0,0,1,0,1,0,0,0,0,0,1,0,0,1,0,0,0,0,0,1,0,0,0,0
NCI30,20.25,0.059268885,246.446,OUT017,2,1,0,0,1,0,0,0,1,0,0,1,0,0,0,0,1,0,0,1,0,0,0,0,0,0,0
FDJ26,15.3,0.084937098,214.0218,OUT045,7,0,1,0,1,0,0,0,1,0,0,1,0,0,0,1,0,0,0,0,0,0,0,0,1,0,0
FDA56,9.21,0.008778413,122.4414,OUT049,10,1,0,1,0,0,0,1,0,0,0,1,0,0,0,1,0,0,0,0,0,0,0,0,0,0,1
FDM33,15.6,0.085324421,220.4798,OUT018,0,1,0,0,0,1,0,1,0,0,0,0,1,0,0,1,0,0,0,0,1,0,0,0,0,0,0
FDP04,15.35,0.013834247,62.7168,OUT049,10,1,0,1,0,0,0,1,0,0,0,1,0,0,0,1,0,0,0,0,0,0,0,0,0,0,1
FDR55,12.15,0.132351411,190.3872,OUT045,7,0,1,0,1,0,0,0,1,0,0,1,0,0,0,1,0,0,0,0,0,0,0,0,1,0,0
NCZ54,14.65,0.082955719,164.0552,OUT027,24,1,0,0,0,1,0,1,0,0,0,0,0,1,0,0,1,0,0,0,0,0,1,0,0,0,0
NCA53,11.395,0.009893817,50.3034,OUT049,10,1,0,1,0,0,0,1,0,0,0,1,0,0,0,0,1,0,0,0,0,0,0,0,0,0,1
FDL20,17.1,0.124966193,111.9886,OUT046,12,1,0,1,0,0,0,0,1,0,0,1,0,0,0,1,0,0,0,0,0,0,0,0,0,1,0
FDT26,18.85,0.067940657,119.044,OUT035,5,0,1,0,1,0,0,0,1,0,0,1,0,0,0,1,0,0,0,0,0,0,0,1,0,0,0
NCZ06,19.6,0.094161662,251.9698,OUT046,12,1,0,1,0,0,0,0,1,0,0,1,0,0,0,0,1,0,0,0,0,0,0,0,0,1,0
FDA04,11.3,0.067107448,258.1962,OUT017,2,0,1,0,1,0,0,0,1,0,0,1,0,0,0,1,0,0,0,1,0,0,0,0,0,0,0
FDD29,12.15,0.018321361,255.3698,OUT027,24,1,0,0,0,1,0,1,0,0,0,0,0,1,0,1,0,0,0,0,0,0,1,0,0,0,0
FDS56,5.785,0.038756864,260.7252,OUT046,12,0,1,1,0,0,0,0,1,0,0,1,0,0,0,1,0,0,0,0,0,0,0,0,0,1,0
FDT07,5.82,0.077254736,257.633,OUT013,22,0,1,0,0,1,1,0,0,0,0,1,0,0,0,1,0,0,1,0,0,0,0,0,0,0,0
FDT58,9,0.08630486,168.0816,OUT018,0,1,0,0,0,1,0,1,0,0,0,0,1,0,0,1,0,0,0,0,1,0,0,0,0,0,0
FDJ10,5.095,0.128876537,139.1838,OUT027,24,0,1,0,0,1,0,1,0,0,0,0,0,1,0,1,0,0,0,0,0,0,1,0,0,0,0
FDN25,7.895,0.061163967,59.2588,OUT035,5,0,1,0,1,0,0,0,1,0,0,1,0,0,0,1,0,0,0,0,0,0,0,1,0,0,0
DRC27,13.8,0.058220302,247.4802,OUT045,7,1,0,0,1,0,0,0,1,0,0,1,0,0,1,0,0,0,0,0,0,0,0,0,1,0,0
FDA38,5.44,0.025519534,238.7538,OUT049,10,1,0,1,0,0,0,1,0,0,0,1,0,0,0,1,0,0,0,0,0,0,0,0,0,0,1
FDM56,16.7,0.070133177,109.8912,OUT013,22,1,0,0,0,1,1,0,0,0,0,1,0,0,0,1,0,0,1,0,0,0,0,0,0,0,0
NCI43,19.85,0.025947095,46.9376,OUT013,22,1,0,0,0,1,1,0,0,0,0,1,0,0,0,0,1,0,1,0,0,0,0,0,0,0,0
FDP36,10.395,0.091688111,49.0008,OUT017,2,0,1,0,1,0,0,0,1,0,0,1,0,0,0,1,0,0,0,1,0,0,0,0,0,0,0
DRK49,14.15,0.034797989,40.5138,OUT019,24,1,0,1,0,0,0,0,1,0,1,0,0,0,1,0,0,0,0,0,0,1,0,0,0,0,0
FDW32,18.35,0.165101585,87.7882,OUT019,24,0,1,1,0,0,0,0,1,0,1,0,0,0,0,1,0,0,0,0,0,1,0,0,0,0,0
NCW18,15.1,0.059417055,237.9248,OUT049,10,1,0,1,0,0,0,1,0,0,0,1,0,0,0,0,1,0,0,0,0,0,0,0,0,0,1
FDQ44,20.5,0.036287517,121.2756,OUT018,0,1,0,0,0,1,0,1,0,0,0,0,1,0,0,1,0,0,0,0,1,0,0,0,0,0,0
FDL45,15.6,0.037764269,124.9704,OUT045,7,1,0,0,1,0,0,0,1,0,0,1,0,0,0,1,0,0,0,0,0,0,0,0,1,0,0
DRB48,16.75,0.024848788,39.9822,OUT035,5,0,1,0,1,0,0,0,1,0,0,1,0,0,1,0,0,0,0,0,0,0,0,1,0,0,0
FDQ34,10.85,0.162903525,104.9622,OUT018,0,1,0,0,0,1,0,1,0,0,0,0,1,0,0,1,0,0,0,0,1,0,0,0,0,0,0
FDH17,16.2,0.016747538,98.6726,OUT017,2,0,1,0,1,0,0,0,1,0,0,1,0,0,0,1,0,0,0,1,0,0,0,0,0,0,0
FDN08,7.72,0.147904328,116.6466,OUT010,11,0,1,0,0,1,0,0,0,1,1,0,0,0,0,1,0,1,0,0,0,0,0,0,0,0,0
FDK57,10.195,0.079904068,120.044,OUT027,24,1,0,0,0,1,0,1,0,0,0,0,0,1,0,1,0,0,0,0,0,0,1,0,0,0,0
FDK10,5.785,0.040325274,180.466,OUT013,22,0,1,0,0,1,1,0,0,0,0,1,0,0,0,1,0,0,1,0,0,0,0,0,0,0,0
FDL39,16.1,0.06302467,181.6318,OUT027,24,0,1,0,0,1,0,1,0,0,0,0,0,1,0,1,0,0,0,0,0,0,1,0,0,0,0
FDP25,15.2,0.021203509,216.3824,OUT035,5,1,0,0,1,0,0,0,1,0,0,1,0,0,0,1,0,0,0,0,0,0,0,1,0,0,0
FDC05,13.1,0.098765906,196.3768,OUT035,5,0,1,0,1,0,0,0,1,0,0,1,0,0,0,1,0,0,0,0,0,0,0,1,0,0,0
FDA39,6.32,0.012707362,41.0822,OUT013,22,1,0,0,0,1,1,0,0,0,0,1,0,0,0,1,0,0,1,0,0,0,0,0,0,0,0
FDZ10,17.85,0.04442649,124.902,OUT013,22,1,0,0,0,1,1,0,0,0,0,1,0,0,0,1,0,0,1,0,0,0,0,0,0,0,0
FDK08,9.195,0.121712459,101.2016,OUT027,24,0,1,0,0,1,0,1,0,0,0,0,0,1,0,1,0,0,0,0,0,0,1,0,0,0,0
DRD24,13.85,0.030769458,141.7154,OUT013,22,1,0,0,0,1,1,0,0,0,0,1,0,0,1,0,0,0,1,0,0,0,0,0,0,0,0
DRG48,5.78,0.014614357,147.3102,OUT018,0,1,0,0,0,1,0,1,0,0,0,0,1,0,1,0,0,0,0,0,1,0,0,0,0,0,0
FDH52,9.42,0.076868664,62.1194,OUT019,24,0,1,1,0,0,0,0,1,0,1,0,0,0,0,1,0,0,0,0,0,1,0,0,0,0,0
FDS25,6.885,0.140292495,108.5228,OUT045,7,0,1,0,1,0,0,0,1,0,0,1,0,0,0,1,0,0,0,0,0,0,0,0,1,0,0
NCH43,8.42,0.070555571,216.0192,OUT035,5,1,0,0,1,0,0,0,1,0,0,1,0,0,0,0,1,0,0,0,0,0,0,1,0,0,0
DRK01,7.63,0.061409711,94.6436,OUT017,2,1,0,0,1,0,0,0,1,0,0,1,0,0,1,0,0,0,0,1,0,0,0,0,0,0,0
FDD59,10.5,0.066555152,80.896,OUT017,2,0,1,0,1,0,0,0,1,0,0,1,0,0,0,1,0,0,0,1,0,0,0,0,0,0,0
FDB27,7.575,0.092711708,197.7768,OUT010,11,1,0,0,0,1,0,0,0,1,1,0,0,0,0,1,0,1,0,0,0,0,0,0,0,0,0
FDO22,13.5,0.017844609,81.396,OUT013,22,0,1,0,0,1,1,0,0,0,0,1,0,0,0,1,0,0,1,0,0,0,0,0,0,0,0
FDD35,12.15,0.025916883,120.244,OUT045,7,1,0,0,1,0,0,0,1,0,0,1,0,0,0,1,0,0,0,0,0,0,0,0,1,0,0
FDR01,5.405,0.053611144,197.7742,OUT035,5,0,1,0,1,0,0,0,1,0,0,1,0,0,0,1,0,0,0,0,0,0,0,1,0,0,0
NCB31,6.235,0.207783483,262.291,OUT019,24,1,0,1,0,0,0,0,1,0,1,0,0,0,0,0,1,0,0,0,0,1,0,0,0,0,0
FDC35,7.435,0.122837694,208.7638,OUT046,12,1,0,1,0,0,0,0,1,0,0,1,0,0,0,1,0,0,0,0,0,0,0,0,0,1,0
FDS23,4.635,0.141174838,127.0994,OUT045,7,1,0,0,1,0,0,0,1,0,0,1,0,0,0,1,0,0,0,0,0,0,0,0,1,0,0
FDC33,8.96,0.069078149,197.7768,OUT045,7,0,1,0,1,0,0,0,1,0,0,1,0,0,0,1,0,0,0,0,0,0,0,0,1,0,0
NCF18,18.35,0.089345074,191.9504,OUT018,0,1,0,0,0,1,0,1,0,0,0,0,1,0,0,0,1,0,0,0,1,0,0,0,0,0,0
FDM36,11.65,0.058822142,173.5422,OUT049,10,0,1,1,0,0,0,1,0,0,0,1,0,0,0,1,0,0,0,0,0,0,0,0,0,0,1
FDJ53,10.5,0.071368699,121.3098,OUT049,10,1,0,1,0,0,0,1,0,0,0,1,0,0,0,1,0,0,0,0,0,0,0,0,0,0,1
NCL17,7.39,0.068055818,140.7812,OUT018,0,1,0,0,0,1,0,1,0,0,0,0,1,0,0,0,1,0,0,0,1,0,0,0,0,0,0
FDW27,5.86,0.150122794,154.5314,OUT027,24,0,1,0,0,1,0,1,0,0,0,0,0,1,0,1,0,0,0,0,0,0,1,0,0,0,0
FDA32,14,0.030094192,215.7192,OUT046,12,1,0,1,0,0,0,0,1,0,0,1,0,0,0,1,0,0,0,0,0,0,0,0,0,1,0
FDA03,18.5,0.076097035,145.8102,OUT010,11,0,1,0,0,1,0,0,0,1,1,0,0,0,0,1,0,1,0,0,0,0,0,0,0,0,0
FDW09,13.65,0.025973384,79.6302,OUT045,7,0,1,0,1,0,0,0,1,0,0,1,0,0,0,1,0,0,0,0,0,0,0,0,1,0,0
FDN09,14.15,0.033631662,244.1828,OUT045,7,1,0,0,1,0,0,0,1,0,0,1,0,0,0,1,0,0,0,0,0,0,0,0,1,0,0
FDM08,10.1,0.053887301,225.6088,OUT017,2,0,1,0,1,0,0,0,1,0,0,1,0,0,0,1,0,0,0,1,0,0,0,0,0,0,0
FDX01,10.1,0.024262772,117.615,OUT018,0,1,0,0,0,1,0,1,0,0,0,0,1,0,0,1,0,0,0,0,1,0,0,0,0,0,0
DRO35,13.85,0.034624104,115.0492,OUT049,10,1,0,1,0,0,0,1,0,0,0,1,0,0,1,0,0,0,0,0,0,0,0,0,0,0,1
FDS31,13.1,0.044281996,178.5318,OUT045,7,0,1,0,1,0,0,0,1,0,0,1,0,0,0,1,0,0,0,0,0,0,0,0,1,0,0
NCM53,18.75,0.052121825,104.828,OUT049,10,1,0,1,0,0,0,1,0,0,0,1,0,0,0,0,1,0,0,0,0,0,0,0,0,0,1
FDI16,14,0.135662712,52.064,OUT013,22,0,1,0,0,1,1,0,0,0,0,1,0,0,0,1,0,0,1,0,0,0,0,0,0,0,0
DRF36,16.1,0.023613955,192.8846,OUT049,10,1,0,1,0,0,0,1,0,0,0,1,0,0,1,0,0,0,0,0,0,0,0,0,0,0,1
FDW49,19.5,0.082152451,179.9002,OUT027,24,1,0,0,0,1,0,1,0,0,0,0,0,1,0,1,0,0,0,0,0,0,1,0,0,0,0
FDB58,10.5,0.02363057,141.7154,OUT019,24,0,1,1,0,0,0,0,1,0,1,0,0,0,0,1,0,0,0,0,0,1,0,0,0,0,0
NCJ18,12.35,0.164274416,119.8124,OUT045,7,1,0,0,1,0,0,0,1,0,0,1,0,0,0,0,1,0,0,0,0,0,0,0,1,0,0
FDL51,20.7,0.047587685,215.0876,OUT045,7,0,1,0,1,0,0,0,1,0,0,1,0,0,0,1,0,0,0,0,0,0,0,0,1,0,0
FDS03,7.825,0.079952983,62.7826,OUT018,0,1,0,0,0,1,0,1,0,0,0,0,1,0,0,1,0,0,0,0,1,0,0,0,0,0,0
NCO54,19.5,0.024992442,53.6614,OUT019,24,1,0,1,0,0,0,0,1,0,1,0,0,0,0,0,1,0,0,0,0,1,0,0,0,0,0
FDA48,12.1,0.115107028,222.0114,OUT045,7,1,0,0,1,0,0,0,1,0,0,1,0,0,0,1,0,0,0,0,0,0,0,0,1,0,0
NCK06,5.03,0.008604657,123.1756,OUT027,24,1,0,0,0,1,0,1,0,0,0,0,0,1,0,0,1,0,0,0,0,0,1,0,0,0,0
NCZ54,14.65,0.083528446,162.4552,OUT045,7,1,0,0,1,0,0,0,1,0,0,1,0,0,0,0,1,0,0,0,0,0,0,0,1,0,0
FDW39,6.69,0.036731658,177.237,OUT027,24,0,1,0,0,1,0,1,0,0,0,0,0,1,0,1,0,0,0,0,0,0,1,0,0,0,0
FDI09,20.75,0.129337594,238.188,OUT046,12,0,1,1,0,0,0,0,1,0,0,1,0,0,0,1,0,0,0,0,0,0,0,0,0,1,0
NCO02,11.15,0.071385304,65.0142,OUT049,10,1,0,1,0,0,0,1,0,0,0,1,0,0,0,0,1,0,0,0,0,0,0,0,0,0,1
DRF13,12.1,0.029827665,144.3444,OUT049,10,1,0,1,0,0,0,1,0,0,0,1,0,0,1,0,0,0,0,0,0,0,0,0,0,0,1
FDK25,11.6,0.157718931,168.3474,OUT017,2,0,1,0,1,0,0,0,1,0,0,1,0,0,0,1,0,0,0,1,0,0,0,0,0,0,0
FDZ38,17.6,0.008046275,173.7422,OUT017,2,1,0,0,1,0,0,0,1,0,0,1,0,0,0,1,0,0,0,1,0,0,0,0,0,0,0
NCQ42,20.35,0.068753558,127.9678,OUT019,24,1,0,1,0,0,0,0,1,0,1,0,0,0,0,0,1,0,0,0,0,1,0,0,0,0,0
FDM14,13.8,0.013199737,108.9254,OUT027,24,1,0,0,0,1,0,1,0,0,0,0,0,1,0,1,0,0,0,0,0,0,1,0,0,0,0
FDC20,10.65,0.023971463,54.0272,OUT046,12,1,0,1,0,0,0,0,1,0,0,1,0,0,0,1,0,0,0,0,0,0,0,0,0,1,0
FDW32,18.35,0.09468096,86.2882,OUT018,0,0,1,0,0,1,0,1,0,0,0,0,1,0,0,1,0,0,0,0,1,0,0,0,0,0,0
FDQ19,7.35,0.014394261,241.3512,OUT045,7,0,1,0,1,0,0,0,1,0,0,1,0,0,0,1,0,0,0,0,0,0,0,0,1,0,0
FDE08,18.2,0.049396364,146.4734,OUT049,10,1,0,1,0,0,0,1,0,0,0,1,0,0,0,1,0,0,0,0,0,0,0,0,0,0,1
FDC29,8.39,0.024243294,116.0176,OUT049,10,0,1,1,0,0,0,1,0,0,0,1,0,0,0,1,0,0,0,0,0,0,0,0,0,0,1
FDV50,14.3,0.122469209,121.973,OUT013,22,1,0,0,0,1,1,0,0,0,0,1,0,0,0,1,0,0,1,0,0,0,0,0,0,0,0
FDF11,10.195,0.017730951,239.8538,OUT017,2,0,1,0,1,0,0,0,1,0,0,1,0,0,0,1,0,0,0,1,0,0,0,0,0,0,0
FDN09,14.15,0.035016754,245.3828,OUT018,0,1,0,0,0,1,0,1,0,0,0,0,1,0,0,1,0,0,0,0,1,0,0,0,0,0,0
DRG37,16.2,0.019417732,153.7972,OUT045,7,1,0,0,1,0,0,0,1,0,0,1,0,0,1,0,0,0,0,0,0,0,0,0,1,0,0
NCV06,11.3,0.066358426,195.2478,OUT027,24,1,0,0,0,1,0,1,0,0,0,0,0,1,0,0,1,0,0,0,0,0,1,0,0,0,0
DRJ13,12.65,0.105265475,159.9578,OUT010,11,1,0,0,0,1,0,0,0,1,1,0,0,0,1,0,0,1,0,0,0,0,0,0,0,0,0
DRF25,9,0.038736754,37.319,OUT027,24,1,0,0,0,1,0,1,0,0,0,0,0,1,1,0,0,0,0,0,0,0,1,0,0,0,0
FDE53,10.895,0.044991876,107.228,OUT010,11,1,0,0,0,1,0,0,0,1,1,0,0,0,0,1,0,1,0,0,0,0,0,0,0,0,0
FDS08,5.735,0.05696122,176.337,OUT046,12,1,0,1,0,0,0,0,1,0,0,1,0,0,0,1,0,0,0,0,0,0,0,0,0,1,0
FDO23,17.85,0.147255604,93.7436,OUT017,2,1,0,0,1,0,0,0,1,0,0,1,0,0,0,1,0,0,0,1,0,0,0,0,0,0,0
FDT07,5.82,0.077319079,255.433,OUT046,12,0,1,1,0,0,0,0,1,0,0,1,0,0,0,1,0,0,0,0,0,0,0,0,0,1,0
NCX29,10,0.089135671,146.9102,OUT035,5,1,0,0,1,0,0,0,1,0,0,1,0,0,0,0,1,0,0,0,0,0,0,1,0,0,0
FDG22,17.6,0.041373331,38.119,OUT035,5,0,1,0,1,0,0,0,1,0,0,1,0,0,0,1,0,0,0,0,0,0,0,1,0,0,0
DRJ47,18.25,0.04403602,173.308,OUT027,24,1,0,0,0,1,0,1,0,0,0,0,0,1,1,0,0,0,0,0,0,0,1,0,0,0,0
FDL43,10.1,0.027041859,77.567,OUT013,22,1,0,0,0,1,1,0,0,0,0,1,0,0,0,1,0,0,1,0,0,0,0,0,0,0,0
FDZ43,11,0.056782237,241.2512,OUT027,24,0,1,0,0,1,0,1,0,0,0,0,0,1,0,1,0,0,0,0,0,0,1,0,0,0,0
FDZ21,17.6,0.03922186,97.241,OUT046,12,0,1,1,0,0,0,0,1,0,0,1,0,0,0,1,0,0,0,0,0,0,0,0,0,1,0
FDJ50,8.645,0.021581922,53.3982,OUT035,5,1,0,0,1,0,0,0,1,0,0,1,0,0,0,1,0,0,0,0,0,0,0,1,0,0,0
FDV35,19.5,0.128206001,155.9314,OUT046,12,1,0,1,0,0,0,0,1,0,0,1,0,0,0,1,0,0,0,0,0,0,0,0,0,1,0
